BEGIN TRANSACTION;
CREATE TABLE IF NOT EXISTS "Message" (
	"messageID"	INTEGER NOT NULL,
	"sender"	TEXT NOT NULL,
	"receiver"	TEXT NOT NULL,
	"time"	NUMERIC,
	"message"	TEXT NOT NULL,
	FOREIGN KEY("sender") REFERENCES "User"("username"),
	FOREIGN KEY("receiver") REFERENCES "User"("username"),
	PRIMARY KEY("messageID" AUTOINCREMENT)
);
CREATE TABLE IF NOT EXISTS "School" (
	"schoolID"	INTEGER NOT NULL,
	"name"	TEXT NOT NULL,
	PRIMARY KEY("schoolID")
);
CREATE TABLE IF NOT EXISTS "Rating" (
	"raterID"	TEXT NOT NULL,
	"listingID"	INTEGER NOT NULL,
	"rating"	INTEGER NOT NULL CHECK("rating" = 1 OR "rating" = 2 OR "rating" = 3 OR "rating" = 4 OR "rating" = 5),
	FOREIGN KEY("raterID") REFERENCES "User"("username"),
	FOREIGN KEY("listingID") REFERENCES "Listing"("listingID")
);
CREATE TABLE IF NOT EXISTS "Listing" (
	"listingID"	INTEGER NOT NULL,
	"location"	TEXT NOT NULL,
	"openingDate"	TEXT,
	"size"	INTEGER,
	"unitType"	TEXT NOT NULL CHECK("unitType" = "dorm" OR "unitType" = "apartment"),
	"offer"	NUMERIC,
	"description"	TEXT,
	"leaseInMonths"	INTEGER,
	"available"	TEXT NOT NULL,
	"authorID"	INTEGER NOT NULL,
	PRIMARY KEY("listingID")
);
CREATE TABLE IF NOT EXISTS "User" (
	"username"	TEXT NOT NULL UNIQUE,
	"password"	TEXT NOT NULL,
	PRIMARY KEY("username")
);
CREATE TABLE IF NOT EXISTS "Owner" (
	"username"	TEXT NOT NULL,
	"firstName"	TEXT NOT NULL,
	"lastName"	TEXT NOT NULL,
	"authorID"	INTEGER NOT NULL,
	FOREIGN KEY("username") REFERENCES "User"("username"),
	PRIMARY KEY("authorID" AUTOINCREMENT)
);
CREATE TABLE IF NOT EXISTS "Student" (
	"username"	TEXT NOT NULL,
	"firstName"	TEXT NOT NULL,
	"lastName"	TEXT NOT NULL,
	"schoolID"	INTEGER NOT NULL,
	"semester"	TEXT NOT NULL CHECK("semester" = "fall" OR "semester" = "winter" OR "semester" = "spring" OR "semester" = "summer"),
	"year"	INTEGER NOT NULL,
	"budget"	NUMERIC,
	FOREIGN KEY("username") REFERENCES "User"("username")
);
INSERT INTO "User" VALUES ('ely','12345');
INSERT INTO "User" VALUES ('john','54321');
INSERT INTO "User" VALUES ('dom','domishere');
INSERT INTO "User" VALUES ('Bernard','00000');
INSERT INTO "User" VALUES ('nradoux0','FCsmbZkOViP');
INSERT INTO "User" VALUES ('obukac1','SUsBVh9');
INSERT INTO "User" VALUES ('sclouston2','varvSqMjnxc');
INSERT INTO "User" VALUES ('fwye3','58xA0L');
INSERT INTO "User" VALUES ('ntrippack4','A1swF0');
INSERT INTO "User" VALUES ('zhiggoe5','P5QGaAMdT');
INSERT INTO "User" VALUES ('ahuett6','GErvom9aOj');
INSERT INTO "User" VALUES ('kchecci7','EQf1ftg');
INSERT INTO "User" VALUES ('mthewless8','vfT2l9VwuJ');
INSERT INTO "User" VALUES ('lflieger9','PyqOLa');
INSERT INTO "User" VALUES ('rstollenbeckera','6Fs8vmioPUy');
INSERT INTO "User" VALUES ('mcanterb','0A48A3R3');
INSERT INTO "User" VALUES ('apettiforc','tRL17qLD1xh');
INSERT INTO "User" VALUES ('bllewellyd','BaKmjM95');
INSERT INTO "User" VALUES ('acowupe','A2ryflRHbG');
INSERT INTO "User" VALUES ('sreedef','kUl8tfF');
INSERT INTO "User" VALUES ('rweedong','laA5O2dtNuOM');
INSERT INTO "User" VALUES ('gthyingh','aYBEMCr1');
INSERT INTO "User" VALUES ('wkeydeni','cchnRn18R0zX');
INSERT INTO "User" VALUES ('eradnagej','skn9ltC9C');
INSERT INTO "User" VALUES ('khoudmontk','IqGcPx7G');
INSERT INTO "User" VALUES ('fbassilll','i6SItQK');
INSERT INTO "User" VALUES ('hcrisfordm','aYgZ3IfzjA');
INSERT INTO "User" VALUES ('jliptrodn','QhYQ7KDRrzSq');
INSERT INTO "User" VALUES ('mblackshawo','5RbpUO');
INSERT INTO "User" VALUES ('wvargap','zWhVY2nm');
INSERT INTO "User" VALUES ('ljoneyq','lhafuCST');
INSERT INTO "User" VALUES ('aboughtflowerr','B2OKhgZR');
INSERT INTO "User" VALUES ('tcamlins','ELUdSIv5B');
INSERT INTO "User" VALUES ('pkendalt','pAy3f3e');
INSERT INTO "User" VALUES ('sallisonu','7M7bAbfU');
INSERT INTO "User" VALUES ('morrinv','4kTSEBJSDL6');
INSERT INTO "User" VALUES ('tminshallw','7PxFfiux4xXC');
INSERT INTO "User" VALUES ('jrubinowiczx','cIMtJ9BgH679');
INSERT INTO "User" VALUES ('poliveray','ACQjd12N7');
INSERT INTO "User" VALUES ('mscandwrightz','NTanuzfwJ');
INSERT INTO "User" VALUES ('ldalyiel10','DNedlQ8v9');
INSERT INTO "User" VALUES ('rheinemann11','x1wA57RFC6Vx');
INSERT INTO "User" VALUES ('egarnall12','YAAaAYq7B');
INSERT INTO "User" VALUES ('tgear13','a2hPJKHK');
INSERT INTO "User" VALUES ('cthurber14','prTxi1dlU');
INSERT INTO "User" VALUES ('dlaurentino15','eUpD50lzP10w');
INSERT INTO "User" VALUES ('kstranieri16','C7ouhbucP');
INSERT INTO "User" VALUES ('dheimes17','rANDIlS');
INSERT INTO "User" VALUES ('lbaszkiewicz18','RG5ccq');
INSERT INTO "User" VALUES ('tkevane19','vEzPhbZBzN');
INSERT INTO "User" VALUES ('cexter1a','eJXtjs2jCcB9');
INSERT INTO "User" VALUES ('tfearnill1b','yHomkjBMZU');
INSERT INTO "User" VALUES ('sculshew1c','287dsZ');
INSERT INTO "User" VALUES ('ethirwell1d','bY1huetMjzal');
INSERT INTO "User" VALUES ('rjoselevitch1e','LFKy9yA3mf');
INSERT INTO "User" VALUES ('vlackham1f','o8UAwA');
INSERT INTO "User" VALUES ('aanstice1g','ZUZdDIaf5');
INSERT INTO "User" VALUES ('arheam1h','FXjD1d');
INSERT INTO "User" VALUES ('gseabon1i','ma29gA');
INSERT INTO "User" VALUES ('nroocroft1j','u7QvRMkK');
INSERT INTO "User" VALUES ('mquare1k','K7nncfEUT9I');
INSERT INTO "User" VALUES ('fhastin1l','Hhp9sfvm9');
INSERT INTO "User" VALUES ('phargroves1m','Las3zV3f');
INSERT INTO "User" VALUES ('zpott1n','bk7NV2eZ');
INSERT INTO "User" VALUES ('thellwig1o','Qm0QaWY');
INSERT INTO "User" VALUES ('gflanigan1p','3aSxGhYw');
INSERT INTO "User" VALUES ('bsyratt1q','yCDRSVEMMww');
INSERT INTO "User" VALUES ('kfrye1r','1WOUlZLkM');
INSERT INTO "User" VALUES ('farney1s','90R6pp');
INSERT INTO "User" VALUES ('dframmingham1t','kLR3oXLC');
INSERT INTO "User" VALUES ('mgeraldini1u','XG7kz7');
INSERT INTO "User" VALUES ('ebellini1v','2O1BIb0e');
INSERT INTO "User" VALUES ('mmariotte1w','uN0mc8pX3eL');
INSERT INTO "User" VALUES ('nheyns1x','ZLhr9yWaU2');
INSERT INTO "User" VALUES ('pbrawson1y','IqHy4PQOI9Gb');
INSERT INTO "User" VALUES ('fimloch1z','sfYK8oi4');
INSERT INTO "User" VALUES ('bcassely20','1J2krQrmeF');
INSERT INTO "User" VALUES ('rbilton21','4DxzsZUZoqf');
INSERT INTO "User" VALUES ('cdunridge22','PHrZVtcUGU');
INSERT INTO "User" VALUES ('lsuggett23','Zzz9lY');
INSERT INTO "User" VALUES ('spude24','p9kC0EA');
INSERT INTO "User" VALUES ('dbartol25','YI8xdWQ');
INSERT INTO "User" VALUES ('sackerley26','5NrPdaHj7');
INSERT INTO "User" VALUES ('jsainsburybrown27','Rzg1FgvBa75');
INSERT INTO "User" VALUES ('echesley28','hQXfT64cUV');
INSERT INTO "User" VALUES ('rfewtrell29','I4zjzTABc');
INSERT INTO "User" VALUES ('afellows2a','41AfnI4Um6');
INSERT INTO "User" VALUES ('cnovic2b','vcN69qjkTW');
INSERT INTO "User" VALUES ('bsacaze2c','SeuZAG');
INSERT INTO "User" VALUES ('shuckin2d','xo0kwy');
INSERT INTO "User" VALUES ('dkeele2e','cKU4TH');
INSERT INTO "User" VALUES ('kcallacher2f','gBTPHIP6fKF');
INSERT INTO "User" VALUES ('elongfellow2g','SYl4DVRmLg');
INSERT INTO "User" VALUES ('croebottom2h','350ZX6');
INSERT INTO "User" VALUES ('edyne2i','vqOMnfe');
INSERT INTO "User" VALUES ('eshankle2j','JO9OVOX2kT6s');
INSERT INTO "User" VALUES ('cgrebbin2k','DG2R9I48z');
INSERT INTO "User" VALUES ('lfrankish2l','clToLA');
INSERT INTO "User" VALUES ('tpikett2m','h3WcgXDbdk');
INSERT INTO "User" VALUES ('kbavage2n','GB6mPMlAFS');
INSERT INTO "User" VALUES ('jmillery2o','nPtjVCOD5C');
INSERT INTO "User" VALUES ('rgenever2p','zXNS7pkE');
INSERT INTO "User" VALUES ('aclash2q','ePyI44aTJH');
INSERT INTO "User" VALUES ('ciamittii2r','rXACetoU');
INSERT INTO "User" VALUES ('nflanne2s','Y8LepRSxBSfV');
INSERT INTO "User" VALUES ('jstack2t','P8YzCR6jTEI');
INSERT INTO "User" VALUES ('cferroni2u','e8oTNP3pYPu');
INSERT INTO "User" VALUES ('fclethro2v','ZSgjBSmntGwA');
INSERT INTO "User" VALUES ('thumbert2w','d93xM3o3I');
INSERT INTO "User" VALUES ('twisham2x','vp0iqi8KYdM');
INSERT INTO "User" VALUES ('ematthisson2y','o9rDuMDm4');
INSERT INTO "User" VALUES ('eedgin2z','4S5CXGR');
INSERT INTO "User" VALUES ('acasserley30','eCpIYN');
INSERT INTO "User" VALUES ('doshiel31','1fRSkeP');
INSERT INTO "User" VALUES ('adillingham32','f0UKHsASNoa');
INSERT INTO "User" VALUES ('dsnalom33','9VZNcOnR6ue');
INSERT INTO "User" VALUES ('dgisbey34','hc6LL94y');
INSERT INTO "User" VALUES ('lkindle35','WeRllwcSpMt');
INSERT INTO "User" VALUES ('ecardoso36','oWFD3yAMD');
INSERT INTO "User" VALUES ('edumberrill37','cK2ANM');
INSERT INTO "User" VALUES ('spennycord38','miNPtud');
INSERT INTO "User" VALUES ('sgoing39','M9FjvP23Eat');
INSERT INTO "User" VALUES ('akimble3a','pFwwm79Hn');
INSERT INTO "User" VALUES ('otegler3b','AJvLAZXc');
INSERT INTO "User" VALUES ('wcockaday3c','Sn5bJozi1U1');
INSERT INTO "User" VALUES ('gbretherton3d','W8GTFiNvPCov');
INSERT INTO "User" VALUES ('gbrace3e','ZtteTEQGhgn');
INSERT INTO "User" VALUES ('elandis3f','rqbPmomvFi');
INSERT INTO "User" VALUES ('djanota3g','MFL4I0ElY9');
INSERT INTO "User" VALUES ('ebummfrey3h','p177S4ZSkTGE');
INSERT INTO "User" VALUES ('eplatfoot3i','i34eeAvMl');
INSERT INTO "User" VALUES ('obuchan3j','YduBW64');
INSERT INTO "User" VALUES ('ogoggin3k','Qj4nVMTvpmB');
INSERT INTO "User" VALUES ('cekins3l','Xg6V6aBATJ2');
INSERT INTO "User" VALUES ('tdelia3m','OfyLHUBDiba4');
INSERT INTO "User" VALUES ('oslinn3n','gVJIrcVnOHkO');
INSERT INTO "User" VALUES ('tredshaw3o','gPwBpRrPKNs');
INSERT INTO "User" VALUES ('iaxtens3p','doYlRhM9u');
INSERT INTO "User" VALUES ('gbendixen3q','coUhrE');
INSERT INTO "User" VALUES ('fbarnewall3r','fgrrePYm');
INSERT INTO "User" VALUES ('rmatteo3s','h2MQLzy9ok');
INSERT INTO "User" VALUES ('nhorche3t','kTBJZmN');
INSERT INTO "User" VALUES ('vhullbrook3u','BXCrvCUy3H1');
INSERT INTO "User" VALUES ('dsumpton3v','9RnZZlIhji');
INSERT INTO "User" VALUES ('kphillcock3w','Fvn6Z8jj');
INSERT INTO "User" VALUES ('jwake3x','edsd1bJCybM');
INSERT INTO "User" VALUES ('dpiletic3y','VixgQsNue');
INSERT INTO "User" VALUES ('eneylan3z','5tUqUIDb3WT4');
INSERT INTO "User" VALUES ('oinde40','eBjzoujFvoM');
INSERT INTO "User" VALUES ('bbrewin41','nbd7hd05Jj');
INSERT INTO "User" VALUES ('lweild42','hCnWxd2d');
INSERT INTO "User" VALUES ('megalton43','EtGsjSGGptEB');
INSERT INTO "User" VALUES ('noconcannon44','2hOEQEemwHBI');
INSERT INTO "User" VALUES ('cdickie45','NHaVFf');
INSERT INTO "User" VALUES ('mchilton46','F3R6AdHP');
INSERT INTO "User" VALUES ('bfabry47','dChpSFu');
INSERT INTO "User" VALUES ('golligan48','yYW3IH');
INSERT INTO "User" VALUES ('mwetwood49','86Nz43aKVE8');
INSERT INTO "User" VALUES ('hmurden4a','SLCkuszKf');
INSERT INTO "User" VALUES ('llovewell4b','Julccc');
INSERT INTO "User" VALUES ('cstoppard4c','TBDRV5LH');
INSERT INTO "User" VALUES ('pivermee4d','AGko4WXPbven');
INSERT INTO "User" VALUES ('mpetroulis4e','YdNveAcB');
INSERT INTO "User" VALUES ('aellaway4f','DkJrpSQm');
INSERT INTO "User" VALUES ('cglason4g','mCVleh');
INSERT INTO "User" VALUES ('melijah4h','EkT0e97b4X');
INSERT INTO "User" VALUES ('chug4i','SlaFk8');
INSERT INTO "User" VALUES ('fbarter4j','Dsigugq');
INSERT INTO "User" VALUES ('skorejs4k','Yk3GJv62');
INSERT INTO "User" VALUES ('ljacombs4l','8FTm08kFfr');
INSERT INTO "User" VALUES ('lwaliszewski4m','veIse8i');
INSERT INTO "User" VALUES ('jcanet4n','15vGW3c0U');
INSERT INTO "User" VALUES ('blaverock4o','pCAhQMzhI1');
INSERT INTO "User" VALUES ('dpoyle4p','FD7Zt6');
INSERT INTO "User" VALUES ('nmathissen4q','idoJS6Qn');
INSERT INTO "User" VALUES ('divashintsov4r','kD7OLO7T');
INSERT INTO "User" VALUES ('wfacer4s','0epGD22J5e');
INSERT INTO "User" VALUES ('acobbin4t','kbWujlxK');
INSERT INTO "User" VALUES ('wrowbottam4u','4lzVXqXO');
INSERT INTO "User" VALUES ('adeverille4v','fqCdEKZSXwOo');
INSERT INTO "User" VALUES ('ldoulton4w','OoGVwoDoMZ');
INSERT INTO "User" VALUES ('lsinnett4x','Owo63hNPY');
INSERT INTO "User" VALUES ('lblaskett4y','sOmNb1');
INSERT INTO "User" VALUES ('amccollum4z','TXbhOk');
INSERT INTO "User" VALUES ('awillisch50','SL5oiMO7');
INSERT INTO "User" VALUES ('maiskrigg51','bvtPWB9');
INSERT INTO "User" VALUES ('rswalough52','kcMa5a1MfJfk');
INSERT INTO "User" VALUES ('lkohter53','i2jPXzGkgyY');
INSERT INTO "User" VALUES ('ireside54','oQfEmbP');
INSERT INTO "User" VALUES ('gfaro55','Yzb1244L');
INSERT INTO "User" VALUES ('cplaskett56','nUq3wxG5VIiY');
INSERT INTO "User" VALUES ('rminton57','KnfS4Fn6xIQf');
INSERT INTO "User" VALUES ('ppalphreyman58','vUynUT');
INSERT INTO "User" VALUES ('jloody59','TmndI5kO6A');
INSERT INTO "User" VALUES ('ngother5a','dJ2zx53r');
INSERT INTO "User" VALUES ('flittlefair5b','NszFAOnrOC');
INSERT INTO "User" VALUES ('zsheivels5c','CW3RMM');
INSERT INTO "User" VALUES ('tseamarke5d','QPUvxy');
INSERT INTO "User" VALUES ('cgoulborn5e','2Xu2NScMUf7');
INSERT INTO "User" VALUES ('ikwiek5f','tpD2ojwAfb');
INSERT INTO "User" VALUES ('vcorcoran5g','tuFaza1a');
INSERT INTO "User" VALUES ('ebrockherst5h','G3LjpOCtRk');
INSERT INTO "User" VALUES ('proslen5i','IQ2wxSvqlaqq');
INSERT INTO "User" VALUES ('mcorter5j','wNayjW');
INSERT INTO "Owner" VALUES ('john','John','Giulio',1);
INSERT INTO "Owner" VALUES ('obukac1','Merlina','Aggie',2);
INSERT INTO "Owner" VALUES ('sclouston2','Javier','Bessie',3);
INSERT INTO "Owner" VALUES ('fwye3','Berni','Franni',4);
INSERT INTO "Owner" VALUES ('ntrippack4','Myrtie','Karoly',5);
INSERT INTO "Owner" VALUES ('zhiggoe5','Trixie','Jehanna',6);
INSERT INTO "Owner" VALUES ('ahuett6','Gibb','Beale',7);
INSERT INTO "Owner" VALUES ('kchecci7','Paulie','Tammara',8);
INSERT INTO "Owner" VALUES ('mthewless8','Kathryne','Mae',9);
INSERT INTO "Owner" VALUES ('lflieger9','Jason','Matthias',10);
INSERT INTO "Owner" VALUES ('rstollenbeckera','Claudina','Kort',11);
INSERT INTO "Owner" VALUES ('mcanterb','Tera','Caddric',12);
INSERT INTO "Owner" VALUES ('apettiforc','Carlota','Boote',13);
INSERT INTO "Owner" VALUES ('bllewellyd','Brand','Kittie',14);
INSERT INTO "Owner" VALUES ('acowupe','Tynan','Laura',15);
INSERT INTO "Owner" VALUES ('sreedef','Juliette','Ellie',16);
INSERT INTO "Owner" VALUES ('rweedong','Borden','Della',17);
INSERT INTO "Owner" VALUES ('gthyingh','Carmencita','Kaela',18);
INSERT INTO "Owner" VALUES ('wkeydeni','Krysta','Bronson',19);
INSERT INTO "Owner" VALUES ('dlaurentino15','Melody','Roberta',20);
INSERT INTO "Owner" VALUES ('kstranieri16','Kalil','Goldina',21);
INSERT INTO "Owner" VALUES ('dheimes17','Neda','Cassaundra',22);
INSERT INTO "Owner" VALUES ('lbaszkiewicz18','Ivan','Sibbie',23);
INSERT INTO "Owner" VALUES ('tkevane19','Aurelea','Jock',24);
INSERT INTO "Owner" VALUES ('cexter1a','Ricoriki','Michail',25);
INSERT INTO "Owner" VALUES ('tfearnill1b','Trixy','Jacquenetta',26);
INSERT INTO "Owner" VALUES ('sculshew1c','Michele','Xavier',27);
INSERT INTO "Owner" VALUES ('ethirwell1d','Even','Heida',28);
INSERT INTO "Owner" VALUES ('rjoselevitch1e','Elinor','Carine',29);
INSERT INTO "Owner" VALUES ('vlackham1f','Rubi','Stevana',30);
INSERT INTO "Owner" VALUES ('aanstice1g','Noellyn','Bruno',31);
INSERT INTO "Owner" VALUES ('arheam1h','Alvinia','Jayme',32);
INSERT INTO "Owner" VALUES ('gseabon1i','Davidson','Gene',33);
INSERT INTO "Owner" VALUES ('nroocroft1j','Reagan','Robinett',34);
INSERT INTO "Owner" VALUES ('mquare1k','Martha','Albertine',35);
INSERT INTO "Owner" VALUES ('fhastin1l','Robb','Koo',36);
INSERT INTO "Owner" VALUES ('phargroves1m','Bogey','Harold',37);
INSERT INTO "Owner" VALUES ('zpott1n','Jasmina','Monica',38);
INSERT INTO "Owner" VALUES ('thellwig1o','Munmro','Shepard',39);
INSERT INTO "Owner" VALUES ('gflanigan1p','Gardie','Angelia',40);
INSERT INTO "Student" VALUES ('ely','Ely','Lam',1,'fall',2021,1200);
INSERT INTO "Student" VALUES ('dom','Domenic','Jordan',2,'winter',2019,1300);
INSERT INTO "Student" VALUES ('Bernard','Bernard','Ekezie',1,'fall',2021,800);
INSERT INTO "Student" VALUES ('nradoux0','Craig','Gussy',1,'fall',1986,666);
INSERT INTO "Student" VALUES ('eradnagej','Rourke','Armstrong',1,'fall',2008,2462);
INSERT INTO "Student" VALUES ('khoudmontk','Odelle','Gwenni',10,'winter',1993,NULL);
INSERT INTO "Student" VALUES ('fbassilll','Angel','Cletus',1,'winter',2006,1707);
INSERT INTO "Student" VALUES ('hcrisfordm','Goldia','Kristi',3,'winter',2000,1218);
INSERT INTO "Student" VALUES ('jliptrodn','Olenka','Cordelia',4,'winter',1998,1438);
INSERT INTO "Student" VALUES ('mblackshawo','Troy','Orran',8,'spring',2010,1823);
INSERT INTO "Student" VALUES ('wvargap','Opalina','Emmit',7,'spring',2008,1443);
INSERT INTO "Student" VALUES ('ljoneyq','Rene','Shena',1,'summer',1987,1381);
INSERT INTO "Student" VALUES ('aboughtflowerr','Vickie','Brian',6,'spring',2002,983);
INSERT INTO "Student" VALUES ('tcamlins','Frances','Devonne',4,'winter',1994,NULL);
INSERT INTO "Student" VALUES ('pkendalt','Margalit','Cathrine',2,'fall',2009,808);
INSERT INTO "Student" VALUES ('sallisonu','Brewster','Korella',6,'summer',2009,2457);
INSERT INTO "Student" VALUES ('morrinv','Herold','Rickie',8,'winter',2007,1390);
INSERT INTO "Student" VALUES ('tminshallw','Balduin','Hyacinthie',3,'summer',1995,1323);
INSERT INTO "Student" VALUES ('jrubinowiczx','Leopold','Melisa',8,'winter',2005,2457);
INSERT INTO "Student" VALUES ('poliveray','Doti','Gasparo',6,'fall',2000,1097);
INSERT INTO "Student" VALUES ('mscandwrightz','Lauren','Marijo',8,'winter',2001,2025);
INSERT INTO "Student" VALUES ('ldalyiel10','Guntar','Aprilette',5,'spring',1998,NULL);
INSERT INTO "Student" VALUES ('rheinemann11','Oran','Ingra',7,'fall',2000,1936);
INSERT INTO "Student" VALUES ('egarnall12','Grace','Wainwright',7,'winter',1995,1957);
INSERT INTO "Student" VALUES ('tgear13','Arda','Alina',4,'fall',1995,1842);
INSERT INTO "Student" VALUES ('cthurber14','Emilee','Catie',7,'fall',1996,2371);
INSERT INTO "Student" VALUES ('bsyratt1q','Damien','Guendolen',1,'summer',2009,NULL);
INSERT INTO "Student" VALUES ('kfrye1r','Teriann','Sheelagh',6,'fall',1986,NULL);
INSERT INTO "Student" VALUES ('farney1s','Tedra','Portie',3,'summer',2000,799);
INSERT INTO "Student" VALUES ('dframmingham1t','Roderick','Patience',2,'spring',2011,897);
INSERT INTO "Student" VALUES ('mgeraldini1u','Eduardo','Teodora',5,'summer',1999,1888);
INSERT INTO "Student" VALUES ('ebellini1v','Daile','Peirce',5,'fall',1999,1358);
INSERT INTO "Student" VALUES ('mmariotte1w','Melisande','Almira',1,'spring',1998,1535);
INSERT INTO "Student" VALUES ('nheyns1x','Sanders','Ruy',7,'fall',2006,1915);
INSERT INTO "Student" VALUES ('pbrawson1y','Ninnette','Park',4,'fall',1991,787);
INSERT INTO "Student" VALUES ('fimloch1z','Suellen','Halli',5,'spring',1992,1828);
INSERT INTO "Student" VALUES ('bcassely20','Yorgos','Wallis',2,'spring',1999,1337);
INSERT INTO "Student" VALUES ('rbilton21','Johnette','Maddalena',3,'fall',1988,2461);
INSERT INTO "Student" VALUES ('cdunridge22','Reena','Meggy',10,'fall',2012,NULL);
INSERT INTO "Student" VALUES ('lsuggett23','Ferdie','Terrie',2,'winter',1998,2268);
INSERT INTO "Student" VALUES ('spude24','Petr','Marylynne',3,'winter',2003,2340);
INSERT INTO "Student" VALUES ('dbartol25','Nerty','Liliane',6,'summer',2006,NULL);
INSERT INTO "Student" VALUES ('sackerley26','Gwendolyn','Rozalie',10,'summer',1995,1787);
INSERT INTO "Student" VALUES ('jsainsburybrown27','Holly','Karylin',3,'spring',2001,892);
INSERT INTO "Student" VALUES ('echesley28','Ceil','Morena',9,'winter',2007,1678);
INSERT INTO "Student" VALUES ('rfewtrell29','Doralyn','Mathian',10,'summer',2008,1916);
INSERT INTO "Student" VALUES ('afellows2a','Jaye','Bernette',9,'spring',1986,1955);
INSERT INTO "Student" VALUES ('cnovic2b','Tad','Phillie',4,'summer',2011,1164);
INSERT INTO "Student" VALUES ('bsacaze2c','Marwin','Aurie',6,'spring',1988,1156);
INSERT INTO "Student" VALUES ('shuckin2d','Koralle','Auria',8,'summer',1991,1230);
INSERT INTO "Student" VALUES ('dkeele2e','Bondy','Wyatan',3,'winter',2009,1561);
INSERT INTO "Student" VALUES ('kcallacher2f','Inessa','Evangelina',3,'winter',2006,811);
INSERT INTO "Student" VALUES ('elongfellow2g','Yvon','Thaine',10,'winter',2005,NULL);
INSERT INTO "Student" VALUES ('croebottom2h','Cass','Louisette',2,'summer',2004,2102);
INSERT INTO "Student" VALUES ('edyne2i','Galvin','Myrtice',4,'spring',2007,1410);
INSERT INTO "Student" VALUES ('eshankle2j','Harald','Gloriana',10,'spring',2003,1470);
INSERT INTO "Student" VALUES ('cgrebbin2k','Jacquelyn','Judd',3,'winter',1997,1414);
INSERT INTO "Student" VALUES ('lfrankish2l','Carleton','Rozalin',4,'winter',1990,1072);
INSERT INTO "Student" VALUES ('tpikett2m','Allianora','Brittney',5,'summer',1994,1639);
INSERT INTO "Student" VALUES ('kbavage2n','Barde','Lucius',3,'summer',1994,1881);
INSERT INTO "Student" VALUES ('jmillery2o','Anastassia','Arnaldo',8,'fall',2005,NULL);
INSERT INTO "Student" VALUES ('rgenever2p','Rosana','Dav',5,'spring',2007,763);
INSERT INTO "Student" VALUES ('aclash2q','Janette','Loise',9,'summer',2009,1671);
INSERT INTO "Student" VALUES ('ciamittii2r','Whitaker','Clio',3,'spring',2013,1544);
INSERT INTO "Student" VALUES ('nflanne2s','Claiborn','Lay',5,'fall',1994,2380);
INSERT INTO "Student" VALUES ('jstack2t','Davon','Othilia',7,'winter',1992,1368);
INSERT INTO "Student" VALUES ('cferroni2u','Dorris','Shaughn',5,'spring',1991,1161);
INSERT INTO "Student" VALUES ('fclethro2v','Stephanie','Hasty',10,'winter',1984,2438);
INSERT INTO "Student" VALUES ('thumbert2w','Annecorinne','Peder',8,'summer',1999,NULL);
INSERT INTO "Student" VALUES ('twisham2x','Whitney','Olwen',7,'fall',2004,1489);
INSERT INTO "Student" VALUES ('ematthisson2y','Alene','Lisle',3,'spring',1999,2047);
INSERT INTO "Student" VALUES ('eedgin2z','Anya','Lynnelle',3,'fall',1994,1313);
INSERT INTO "Student" VALUES ('acasserley30','Griffin','Eddy',9,'spring',2007,1301);
INSERT INTO "Student" VALUES ('doshiel31','Kingsley','Scotti',7,'winter',1993,1558);
INSERT INTO "Student" VALUES ('adillingham32','Vincents','Conchita',8,'winter',2011,NULL);
INSERT INTO "Student" VALUES ('dsnalom33','Sidnee','Karee',8,'fall',2008,1462);
INSERT INTO "Student" VALUES ('dgisbey34','Carling','Kassandra',10,'fall',1995,2223);
INSERT INTO "Student" VALUES ('lkindle35','Giffie','Brynna',9,'spring',2008,1030);
INSERT INTO "Student" VALUES ('ecardoso36','Krista','Dede',1,'summer',2003,974);
INSERT INTO "Student" VALUES ('edumberrill37','Tara','Kym',3,'winter',2006,1357);
INSERT INTO "Student" VALUES ('spennycord38','Aida','Shanna',9,'spring',2001,NULL);
INSERT INTO "Student" VALUES ('sgoing39','Arliene','Ware',5,'fall',1995,NULL);
INSERT INTO "Student" VALUES ('akimble3a','Ibby','Rosita',7,'fall',1994,2457);
INSERT INTO "Student" VALUES ('otegler3b','Garald','Madeleine',2,'spring',2006,2459);
INSERT INTO "Student" VALUES ('wcockaday3c','Delila','Alisander',9,'fall',2011,1087);
INSERT INTO "Student" VALUES ('gbretherton3d','Craggie','Padget',6,'summer',1996,1612);
INSERT INTO "Student" VALUES ('gbrace3e','Marcy','Kalinda',1,'spring',2002,1711);
INSERT INTO "Student" VALUES ('elandis3f','Cherey','Jorie',7,'spring',2010,1576);
INSERT INTO "Student" VALUES ('djanota3g','Marilin','Poul',4,'fall',1991,NULL);
INSERT INTO "Student" VALUES ('ebummfrey3h','Lyndsie','Christos',8,'spring',2002,610);
INSERT INTO "Student" VALUES ('eplatfoot3i','Andi','Addi',3,'fall',2006,1157);
INSERT INTO "Student" VALUES ('obuchan3j','Salomone','Dell',4,'winter',1999,2078);
INSERT INTO "Student" VALUES ('ogoggin3k','Malva','Korella',3,'winter',2001,2098);
INSERT INTO "Student" VALUES ('cekins3l','Lorenza','Johnath',5,'spring',1999,NULL);
INSERT INTO "Student" VALUES ('tdelia3m','Zelda','Jenica',2,'winter',1995,824);
INSERT INTO "Student" VALUES ('oslinn3n','Josefa','Kylynn',3,'fall',2007,1955);
INSERT INTO "Student" VALUES ('tredshaw3o','Johnette','Clay',2,'summer',2008,NULL);
INSERT INTO "Student" VALUES ('iaxtens3p','Laurice','Hilda',2,'summer',1988,1233);
INSERT INTO "Student" VALUES ('gbendixen3q','Carleen','Sarene',10,'fall',1997,NULL);
INSERT INTO "Student" VALUES ('fbarnewall3r','Wainwright','Nathalie',1,'summer',2010,1788);
INSERT INTO "Student" VALUES ('rmatteo3s','Clerc','Harriot',6,'fall',2004,1350);
INSERT INTO "Student" VALUES ('nhorche3t','Ashla','Margie',3,'spring',2007,844);
INSERT INTO "Student" VALUES ('vhullbrook3u','Arlana','Fionnula',6,'spring',2010,1977);
INSERT INTO "Student" VALUES ('dsumpton3v','Emmery','Jacqui',4,'spring',2011,2239);
INSERT INTO "Student" VALUES ('kphillcock3w','Corbett','Timofei',3,'fall',2009,616);
INSERT INTO "Student" VALUES ('jwake3x','Sammy','Enriqueta',10,'winter',1999,NULL);
INSERT INTO "Student" VALUES ('dpiletic3y','Gannon','Aldis',6,'summer',1996,NULL);
INSERT INTO "Student" VALUES ('eneylan3z','Gothart','Bianka',7,'winter',2007,1051);
INSERT INTO "Student" VALUES ('oinde40','Mayne','Tabor',9,'summer',1995,1023);
INSERT INTO "Student" VALUES ('bbrewin41','Auria','Annabel',2,'summer',1995,605);
INSERT INTO "Student" VALUES ('lweild42','Elaine','Erin',7,'fall',2006,2346);
INSERT INTO "Student" VALUES ('megalton43','Lacie','Clair',2,'winter',2001,NULL);
INSERT INTO "Student" VALUES ('noconcannon44','Hildagarde','Sheryl',10,'summer',2000,1463);
INSERT INTO "Student" VALUES ('cdickie45','Kimmi','Hill',4,'spring',1995,1361);
INSERT INTO "Student" VALUES ('mchilton46','Broderick','Seth',3,'winter',2007,1892);
INSERT INTO "Student" VALUES ('bfabry47','Diane','Laurent',3,'spring',2009,1404);
INSERT INTO "Student" VALUES ('golligan48','Karolina','Talbert',3,'winter',2012,2386);
INSERT INTO "Student" VALUES ('mwetwood49','Hestia','Carlynne',8,'winter',2012,NULL);
INSERT INTO "Student" VALUES ('hmurden4a','Ralph','Rickie',1,'spring',2008,2128);
INSERT INTO "Student" VALUES ('llovewell4b','Randolf','Brinn',2,'winter',1995,2085);
INSERT INTO "Student" VALUES ('cstoppard4c','Herbie','Adriaens',7,'summer',1997,604);
INSERT INTO "Student" VALUES ('pivermee4d','Chrissy','Mildrid',2,'spring',1990,1243);
INSERT INTO "Student" VALUES ('mpetroulis4e','Carey','Thia',6,'fall',1992,1708);
INSERT INTO "Student" VALUES ('aellaway4f','Kelly','Any',7,'fall',2009,NULL);
INSERT INTO "Student" VALUES ('cglason4g','Amelie','Holly-anne',7,'fall',1998,1275);
INSERT INTO "Student" VALUES ('melijah4h','Gill','Liz',1,'summer',1992,2077);
INSERT INTO "Student" VALUES ('chug4i','Kara-lynn','Marleen',8,'fall',1992,1730);
INSERT INTO "Student" VALUES ('fbarter4j','Irv','Kristi',7,'spring',2000,2280);
INSERT INTO "Student" VALUES ('skorejs4k','Ermin','Andy',6,'fall',2012,1525);
INSERT INTO "Student" VALUES ('ljacombs4l','Murray','Willi',6,'fall',2008,NULL);
INSERT INTO "Student" VALUES ('lwaliszewski4m','Belva','Gottfried',10,'summer',2011,2221);
INSERT INTO "Student" VALUES ('jcanet4n','Cristiano','Emogene',3,'spring',2005,1477);
INSERT INTO "Student" VALUES ('blaverock4o','Cassi','Gabriellia',10,'spring',1997,916);
INSERT INTO "Student" VALUES ('dpoyle4p','Diarmid','Myrtie',10,'winter',2000,1268);
INSERT INTO "Student" VALUES ('nmathissen4q','Othilie','Desirae',8,'summer',1997,1132);
INSERT INTO "Student" VALUES ('divashintsov4r','Christiane','Penelope',10,'spring',2007,1481);
INSERT INTO "Student" VALUES ('wfacer4s','Lauraine','Carolan',10,'spring',2011,1248);
INSERT INTO "Student" VALUES ('acobbin4t','Tris','Lenka',4,'fall',1997,910);
INSERT INTO "Student" VALUES ('wrowbottam4u','Erek','April',6,'summer',2012,NULL);
INSERT INTO "Student" VALUES ('adeverille4v','Jennifer','Joshia',2,'spring',2012,1845);
INSERT INTO "Student" VALUES ('ldoulton4w','Elsa','Marve',4,'spring',2000,1425);
INSERT INTO "Student" VALUES ('lsinnett4x','Guglielma','Jakie',4,'spring',1992,NULL);
INSERT INTO "Student" VALUES ('lblaskett4y','Lauryn','Brandtr',3,'spring',2010,1870);
INSERT INTO "Student" VALUES ('amccollum4z','Denny','Rene',5,'summer',2006,1886);
INSERT INTO "Student" VALUES ('awillisch50','Deny','Victoir',3,'fall',2009,1599);
INSERT INTO "Student" VALUES ('maiskrigg51','Stefa','Noami',2,'summer',2005,2339);
INSERT INTO "Student" VALUES ('rswalough52','Mindy','Angelique',6,'summer',2002,1265);
INSERT INTO "Student" VALUES ('lkohter53','Susi','Arvin',6,'spring',2010,2276);
INSERT INTO "Student" VALUES ('ireside54','Fredek','Dolf',7,'winter',2007,NULL);
INSERT INTO "Student" VALUES ('gfaro55','Artemis','Cinnamon',3,'fall',1986,855);
INSERT INTO "Student" VALUES ('cplaskett56','Blithe','Alonso',5,'summer',2006,1527);
INSERT INTO "Student" VALUES ('rminton57','Starlin','Darrick',3,'winter',2003,1097);
INSERT INTO "Student" VALUES ('ppalphreyman58','Kermit','Latrena',8,'fall',2009,2090);
INSERT INTO "Student" VALUES ('jloody59','Essie','Shaylah',9,'summer',2011,2071);
INSERT INTO "Student" VALUES ('ngother5a','Frederique','Stillmann',5,'spring',2006,2366);
INSERT INTO "Student" VALUES ('flittlefair5b','Otha','Hermione',2,'spring',2003,1559);
INSERT INTO "Student" VALUES ('zsheivels5c','Shurwood','Lissi',4,'fall',2009,1376);
INSERT INTO "Student" VALUES ('tseamarke5d','Miquela','Rodolfo',4,'summer',1998,NULL);
INSERT INTO "Student" VALUES ('cgoulborn5e','Clarice','Adams',10,'winter',1996,670);
INSERT INTO "Student" VALUES ('ikwiek5f','Norri','Adah',6,'summer',2004,1647);
INSERT INTO "Student" VALUES ('vcorcoran5g','Hanan','Sela',1,'fall',2003,2466);
INSERT INTO "Student" VALUES ('ebrockherst5h','Cliff','Justinian',2,'winter',2003,NULL);
INSERT INTO "Student" VALUES ('proslen5i','Berne','Simone',4,'fall',2000,1647);
INSERT INTO "Student" VALUES ('mcorter5j','Reilly','Algernon',5,'fall',2002,1153);
INSERT INTO "Message" VALUES (0,'ely','john',1234567,'hello');
INSERT INTO "Message" VALUES (1,'john','ely',1234568,'sup');
INSERT INTO "Message" VALUES (2,'ely','john',124356764,'qerlighbqer');
INSERT INTO "Message" VALUES (3,'khoudmontk','zhiggoe5','2:31 PM','In hac habitasse platea dictumst. Maecenas ut massa quis augue luctus tincidunt. Nulla mollis molestie lorem. Quisque ut erat. Curabitur gravida nisi at nibh. In hac habitasse platea dictumst. Aliquam augue quam, sollicitudin vitae, consectetuer eget, rutrum at, lorem. Integer tincidunt ante vel ipsum.');
INSERT INTO "Message" VALUES (4,'fbassilll','aellaway4f','1:52 AM','Proin interdum mauris non ligula pellentesque ultrices. Phasellus id sapien in sapien iaculis congue. Vivamus metus arcu, adipiscing molestie, hendrerit at, vulputate vitae, nisl. Aenean lectus. Pellentesque eget nunc. Donec quis orci eget orci vehicula condimentum. Curabitur in libero ut massa volutpat convallis.');
INSERT INTO "Message" VALUES (5,'hcrisfordm','bsacaze2c','7:37 AM','Aenean fermentum. Donec ut mauris eget massa tempor convallis. Nulla neque libero, convallis eget, eleifend luctus, ultricies eu, nibh. Quisque id justo sit amet sapien dignissim vestibulum. Vestibulum ante ipsum primis in faucibus orci luctus et ultrices posuere cubilia Curae; Nulla dapibus dolor vel est. Donec odio justo, sollicitudin ut, suscipit a, feugiat et, eros.');
INSERT INTO "Message" VALUES (6,'hcrisfordm','bsyratt1q','3:28 PM','Duis bibendum. Morbi non quam nec dui luctus rutrum. Nulla tellus. In sagittis dui vel nisl. Duis ac nibh. Fusce lacus purus, aliquet at, feugiat non, pretium quis, lectus. Suspendisse potenti.');
INSERT INTO "Message" VALUES (7,'mblackshawo','mcanterb','10:29 PM','Duis aliquam convallis nunc. Proin at turpis a pede posuere nonummy. Integer non velit. Donec diam neque, vestibulum eget, vulputate ut, ultrices vel, augue. Vestibulum ante ipsum primis in faucibus orci luctus et ultrices posuere cubilia Curae; Donec pharetra, magna vestibulum aliquet ultrices, erat tortor sollicitudin mi, sit amet lobortis sapien sapien non mi. Integer ac neque. Duis bibendum. Morbi non quam nec dui luctus rutrum.');
INSERT INTO "Message" VALUES (8,'cgrebbin2k','sreedef','10:54 PM','Aliquam quis turpis eget elit sodales scelerisque. Mauris sit amet eros. Suspendisse accumsan tortor quis turpis. Sed ante. Vivamus tortor.');
INSERT INTO "Message" VALUES (9,'ljoneyq','sculshew1c','7:05 PM','Vestibulum quam sapien, varius ut, blandit non, interdum in, ante. Vestibulum ante ipsum primis in faucibus orci luctus et ultrices posuere cubilia Curae; Duis faucibus accumsan odio. Curabitur convallis. Duis consequat dui nec nisi volutpat eleifend. Donec ut dolor. Morbi vel lectus in quam fringilla rhoncus. Mauris enim leo, rhoncus sed, vestibulum sit amet, cursus id, turpis.');
INSERT INTO "Message" VALUES (10,'aboughtflowerr','sclouston2','1:35 AM','Fusce posuere felis sed lacus. Morbi sem mauris, laoreet ut, rhoncus aliquet, pulvinar sed, nisl. Nunc rhoncus dui vel sem. Sed sagittis. Nam congue, risus semper porta volutpat, quam pede lobortis ligula, sit amet eleifend pede libero quis orci. Nullam molestie nibh in lectus. Pellentesque at nulla. Suspendisse potenti. Cras in purus eu magna vulputate luctus. Cum sociis natoque penatibus et magnis dis parturient montes, nascetur ridiculus mus.');
INSERT INTO "Message" VALUES (11,'ikwiek5f','rweedong','7:15 AM','Aenean auctor gravida sem. Praesent id massa id nisl venenatis lacinia.');
INSERT INTO "Message" VALUES (12,'pkendalt','sreedef','8:23 AM','Etiam faucibus cursus urna.');
INSERT INTO "Message" VALUES (13,'kchecci7','rjoselevitch1e','5:57 PM','Quisque erat eros, viverra eget, congue eget, semper rutrum, nulla. Nunc purus.');
INSERT INTO "Message" VALUES (14,'morrinv','fwye3','11:19 AM','Nullam porttitor lacus at turpis. Donec posuere metus vitae ipsum. Aliquam non mauris. Morbi non lectus. Aliquam sit amet diam in magna bibendum imperdiet. Nullam orci pede, venenatis non, sodales sed, tincidunt eu, felis. Fusce posuere felis sed lacus. Morbi sem mauris, laoreet ut, rhoncus aliquet, pulvinar sed, nisl. Nunc rhoncus dui vel sem. Sed sagittis.');
INSERT INTO "Message" VALUES (15,'jmillery2o','obukac1','10:11 AM','Duis mattis egestas metus. Aenean fermentum. Donec ut mauris eget massa tempor convallis.');
INSERT INTO "Message" VALUES (16,'jrubinowiczx','ntrippack4','11:31 PM','Morbi non lectus. Aliquam sit amet diam in magna bibendum imperdiet.');
INSERT INTO "Message" VALUES (17,'jsainsburybrown27','nroocroft1j','1:22 AM','Nullam porttitor lacus at turpis. Donec posuere metus vitae ipsum. Aliquam non mauris. Morbi non lectus. Aliquam sit amet diam in magna bibendum imperdiet. Nullam orci pede, venenatis non, sodales sed, tincidunt eu, felis.');
INSERT INTO "Message" VALUES (18,'jstack2t','mthewless8','3:54 AM','Praesent blandit lacinia erat. Vestibulum sed magna at nunc commodo placerat.');
INSERT INTO "Message" VALUES (19,'jwake3x','mquare1k','10:38 PM','Sed sagittis. Nam congue, risus semper porta volutpat, quam pede lobortis ligula, sit amet eleifend pede libero quis orci. Nullam molestie nibh in lectus. Pellentesque at nulla.');
INSERT INTO "Message" VALUES (20,'nroocroft1j','john','11:05 PM','Proin risus. Praesent lectus.');
INSERT INTO "Message" VALUES (21,'egarnall12','sculshew1c','12:19 PM','Aenean auctor gravida sem. Praesent id massa id nisl venenatis lacinia. Aenean sit amet justo. Morbi ut odio. Cras mi pede, malesuada in, imperdiet et, commodo vulputate, justo. In blandit ultrices enim. Lorem ipsum dolor sit amet, consectetuer adipiscing elit. Proin interdum mauris non ligula pellentesque ultrices. Phasellus id sapien in sapien iaculis congue. Vivamus metus arcu, adipiscing molestie, hendrerit at, vulputate vitae, nisl.');
INSERT INTO "Message" VALUES (22,'jcanet4n','lbaszkiewicz18','7:33 AM','Ut at dolor quis odio consequat varius. Integer ac leo. Pellentesque ultrices mattis odio. Donec vitae nisi. Nam ultrices, libero non mattis pulvinar, nulla pede ullamcorper augue, a suscipit nulla elit ac nulla. Sed vel enim sit amet nunc viverra dapibus. Nulla suscipit ligula in lacus. Curabitur at ipsum ac tellus semper interdum. Mauris ullamcorper purus sit amet nulla. Quisque arcu libero, rutrum ac, lobortis vel, dapibus at, diam.');
INSERT INTO "Message" VALUES (23,'cthurber14','fhastin1l','3:40 PM','Nunc purus.');
INSERT INTO "Message" VALUES (24,'bsyratt1q','ntrippack4','11:20 AM','Cum sociis natoque penatibus et magnis dis parturient montes, nascetur ridiculus mus. Etiam vel augue.');
INSERT INTO "Message" VALUES (25,'kfrye1r','dframmingham1t','9:43 AM','Morbi vel lectus in quam fringilla rhoncus. Mauris enim leo, rhoncus sed, vestibulum sit amet, cursus id, turpis. Integer aliquet, massa id lobortis convallis, tortor risus dapibus augue, vel accumsan tellus nisi eu orci. Mauris lacinia sapien quis libero. Nullam sit amet turpis elementum ligula vehicula consequat. Morbi a ipsum. Integer a nibh. In quis justo.');
INSERT INTO "Message" VALUES (26,'farney1s','gthyingh','11:26 AM','Morbi vestibulum, velit id pretium iaculis, diam erat fermentum justo, nec condimentum neque sapien placerat ante. Nulla justo. Aliquam quis turpis eget elit sodales scelerisque. Mauris sit amet eros. Suspendisse accumsan tortor quis turpis. Sed ante.');
INSERT INTO "Message" VALUES (27,'dframmingham1t','cexter1a','1:53 PM','Nulla mollis molestie lorem.');
INSERT INTO "Message" VALUES (28,'mgeraldini1u','john','5:32 AM','Aliquam quis turpis eget elit sodales scelerisque. Mauris sit amet eros.');
INSERT INTO "Message" VALUES (29,'ebellini1v','fwye3','3:59 AM','Pellentesque viverra pede ac diam. Cras pellentesque volutpat dui. Maecenas tristique, est et tempus semper, est quam pharetra magna, ac consequat metus sapien ut nunc. Vestibulum ante ipsum primis in faucibus orci luctus et ultrices posuere cubilia Curae; Mauris viverra diam vitae quam. Suspendisse potenti. Nullam porttitor lacus at turpis.');
INSERT INTO "Message" VALUES (30,'mmariotte1w','gseabon1i','9:07 PM','Curabitur convallis. Duis consequat dui nec nisi volutpat eleifend. Donec ut dolor. Morbi vel lectus in quam fringilla rhoncus. Mauris enim leo, rhoncus sed, vestibulum sit amet, cursus id, turpis. Integer aliquet, massa id lobortis convallis, tortor risus dapibus augue, vel accumsan tellus nisi eu orci.');
INSERT INTO "Message" VALUES (31,'nheyns1x','cexter1a','3:29 AM','Morbi quis tortor id nulla ultrices aliquet. Maecenas leo odio, condimentum id, luctus nec, molestie sed, justo. Pellentesque viverra pede ac diam. Cras pellentesque volutpat dui. Maecenas tristique, est et tempus semper, est quam pharetra magna, ac consequat metus sapien ut nunc. Vestibulum ante ipsum primis in faucibus orci luctus et ultrices posuere cubilia Curae; Mauris viverra diam vitae quam. Suspendisse potenti. Nullam porttitor lacus at turpis. Donec posuere metus vitae ipsum. Aliquam non mauris.');
INSERT INTO "Message" VALUES (32,'pbrawson1y','tkevane19','7:28 PM','Vestibulum sed magna at nunc commodo placerat. Praesent blandit. Nam nulla. Integer pede justo, lacinia eget, tincidunt eget, tempus vel, pede.');
INSERT INTO "Message" VALUES (33,'fimloch1z','amccollum4z','7:12 AM','Proin risus. Praesent lectus. Vestibulum quam sapien, varius ut, blandit non, interdum in, ante. Vestibulum ante ipsum primis in faucibus orci luctus et ultrices posuere cubilia Curae; Duis faucibus accumsan odio. Curabitur convallis. Duis consequat dui nec nisi volutpat eleifend. Donec ut dolor. Morbi vel lectus in quam fringilla rhoncus.');
INSERT INTO "Message" VALUES (34,'bcassely20','cexter1a','3:20 PM','Phasellus in felis.');
INSERT INTO "Message" VALUES (35,'rstollenbeckera','rstollenbeckera','4:58 PM','Nulla ac enim. In tempor, turpis nec euismod scelerisque, quam turpis adipiscing lorem, vitae mattis nibh ligula nec sem. Duis aliquam convallis nunc. Proin at turpis a pede posuere nonummy. Integer non velit. Donec diam neque, vestibulum eget, vulputate ut, ultrices vel, augue.');
INSERT INTO "Message" VALUES (36,'cdunridge22','mquare1k','10:46 PM','Etiam vel augue. Vestibulum rutrum rutrum neque. Aenean auctor gravida sem. Praesent id massa id nisl venenatis lacinia. Aenean sit amet justo. Morbi ut odio. Cras mi pede, malesuada in, imperdiet et, commodo vulputate, justo. In blandit ultrices enim. Lorem ipsum dolor sit amet, consectetuer adipiscing elit.');
INSERT INTO "Message" VALUES (37,'lsuggett23','obukac1','5:26 AM','Vivamus tortor. Duis mattis egestas metus. Aenean fermentum. Donec ut mauris eget massa tempor convallis. Nulla neque libero, convallis eget, eleifend luctus, ultricies eu, nibh. Quisque id justo sit amet sapien dignissim vestibulum. Vestibulum ante ipsum primis in faucibus orci luctus et ultrices posuere cubilia Curae; Nulla dapibus dolor vel est.');
INSERT INTO "Message" VALUES (38,'mcanterb','ahuett6','3:10 AM','In blandit ultrices enim. Lorem ipsum dolor sit amet, consectetuer adipiscing elit.');
INSERT INTO "Message" VALUES (39,'dbartol25','dlaurentino15','3:10 PM','Maecenas leo odio, condimentum id, luctus nec, molestie sed, justo. Pellentesque viverra pede ac diam. Cras pellentesque volutpat dui. Maecenas tristique, est et tempus semper, est quam pharetra magna, ac consequat metus sapien ut nunc. Vestibulum ante ipsum primis in faucibus orci luctus et ultrices posuere cubilia Curae; Mauris viverra diam vitae quam.');
INSERT INTO "Message" VALUES (40,'lbaszkiewicz18','aanstice1g','12:10 PM','Nunc purus. Phasellus in felis. Donec semper sapien a libero. Nam dui. Proin leo odio, porttitor id, consequat in, consequat ut, nulla. Sed accumsan felis. Ut at dolor quis odio consequat varius. Integer ac leo.');
INSERT INTO "Message" VALUES (41,'jsainsburybrown27','cplaskett56','3:07 AM','Nunc purus. Phasellus in felis. Donec semper sapien a libero. Nam dui.');
INSERT INTO "Message" VALUES (42,'echesley28','tkevane19','2:47 AM','Pellentesque at nulla. Suspendisse potenti. Cras in purus eu magna vulputate luctus. Cum sociis natoque penatibus et magnis dis parturient montes, nascetur ridiculus mus. Vivamus vestibulum sagittis sapien. Cum sociis natoque penatibus et magnis dis parturient montes, nascetur ridiculus mus. Etiam vel augue. Vestibulum rutrum rutrum neque. Aenean auctor gravida sem.');
INSERT INTO "Message" VALUES (43,'phargroves1m','lbaszkiewicz18','6:51 PM','Suspendisse potenti. In eleifend quam a odio. In hac habitasse platea dictumst. Maecenas ut massa quis augue luctus tincidunt. Nulla mollis molestie lorem. Quisque ut erat.');
INSERT INTO "Message" VALUES (44,'afellows2a','aclash2q','4:13 PM','Quisque id justo sit amet sapien dignissim vestibulum. Vestibulum ante ipsum primis in faucibus orci luctus et ultrices posuere cubilia Curae; Nulla dapibus dolor vel est. Donec odio justo, sollicitudin ut, suscipit a, feugiat et, eros. Vestibulum ac est lacinia nisi venenatis tristique. Fusce congue, diam id ornare imperdiet, sapien urna pretium nisl, ut volutpat sapien arcu sed augue. Aliquam erat volutpat. In congue. Etiam justo. Etiam pretium iaculis justo. In hac habitasse platea dictumst.');
INSERT INTO "Message" VALUES (45,'cnovic2b','rjoselevitch1e','10:12 AM','Aenean auctor gravida sem. Praesent id massa id nisl venenatis lacinia. Aenean sit amet justo. Morbi ut odio. Cras mi pede, malesuada in, imperdiet et, commodo vulputate, justo.');
INSERT INTO "Message" VALUES (46,'bsacaze2c','adeverille4v','11:06 PM','Aliquam augue quam, sollicitudin vitae, consectetuer eget, rutrum at, lorem. Integer tincidunt ante vel ipsum. Praesent blandit lacinia erat. Vestibulum sed magna at nunc commodo placerat. Praesent blandit. Nam nulla. Integer pede justo, lacinia eget, tincidunt eget, tempus vel, pede. Morbi porttitor lorem id ligula.');
INSERT INTO "Message" VALUES (47,'bsacaze2c','adillingham32','1:54 AM','Vivamus in felis eu sapien cursus vestibulum. Proin eu mi. Nulla ac enim. In tempor, turpis nec euismod scelerisque, quam turpis adipiscing lorem, vitae mattis nibh ligula nec sem. Duis aliquam convallis nunc. Proin at turpis a pede posuere nonummy. Integer non velit. Donec diam neque, vestibulum eget, vulputate ut, ultrices vel, augue. Vestibulum ante ipsum primis in faucibus orci luctus et ultrices posuere cubilia Curae; Donec pharetra, magna vestibulum aliquet ultrices, erat tortor sollicitudin mi, sit amet lobortis sapien sapien non mi. Integer ac neque.');
INSERT INTO "Message" VALUES (48,'bsacaze2c','aellaway4f','9:16 AM','Duis bibendum, felis sed interdum venenatis, turpis enim blandit mi, in porttitor pede justo eu massa.');
INSERT INTO "Message" VALUES (49,'bsacaze2c','afellows2a','3:39 PM','Proin interdum mauris non ligula pellentesque ultrices. Phasellus id sapien in sapien iaculis congue. Vivamus metus arcu, adipiscing molestie, hendrerit at, vulputate vitae, nisl. Aenean lectus. Pellentesque eget nunc. Donec quis orci eget orci vehicula condimentum.');
INSERT INTO "Message" VALUES (50,'bsacaze2c','akimble3a','11:19 AM','Morbi non quam nec dui luctus rutrum. Nulla tellus. In sagittis dui vel nisl. Duis ac nibh.');
INSERT INTO "Message" VALUES (51,'bsacaze2c','amccollum4z','12:43 AM','Maecenas tincidunt lacus at velit. Vivamus vel nulla eget eros elementum pellentesque. Quisque porta volutpat erat.');
INSERT INTO "Message" VALUES (52,'bsacaze2c','awillisch50','6:01 PM','Praesent lectus. Vestibulum quam sapien, varius ut, blandit non, interdum in, ante. Vestibulum ante ipsum primis in faucibus orci luctus et ultrices posuere cubilia Curae; Duis faucibus accumsan odio. Curabitur convallis. Duis consequat dui nec nisi volutpat eleifend.');
INSERT INTO "Message" VALUES (53,'bsacaze2c','bbrewin41','7:06 PM','In eleifend quam a odio. In hac habitasse platea dictumst. Maecenas ut massa quis augue luctus tincidunt.');
INSERT INTO "Message" VALUES (54,'cgrebbin2k','sclouston2','12:58 AM','Suspendisse potenti. Nullam porttitor lacus at turpis. Donec posuere metus vitae ipsum.');
INSERT INTO "Message" VALUES (55,'lfrankish2l','tfearnill1b','3:17 PM','Integer pede justo, lacinia eget, tincidunt eget, tempus vel, pede. Morbi porttitor lorem id ligula. Suspendisse ornare consequat lectus. In est risus, auctor sed, tristique in, tempus sit amet, sem. Fusce consequat. Nulla nisl. Nunc nisl. Duis bibendum, felis sed interdum venenatis, turpis enim blandit mi, in porttitor pede justo eu massa. Donec dapibus. Duis at velit eu est congue elementum.');
INSERT INTO "Message" VALUES (56,'lblaskett4y','blaverock4o','7:57 PM','Integer pede justo, lacinia eget, tincidunt eget, tempus vel, pede. Morbi porttitor lorem id ligula. Suspendisse ornare consequat lectus.');
INSERT INTO "Message" VALUES (57,'kbavage2n','dbartol25','5:26 AM','Cum sociis natoque penatibus et magnis dis parturient montes, nascetur ridiculus mus. Etiam vel augue. Vestibulum rutrum rutrum neque. Aenean auctor gravida sem. Praesent id massa id nisl venenatis lacinia. Aenean sit amet justo.');
INSERT INTO "Message" VALUES (58,'jmillery2o','cnovic2b','3:11 PM','Pellentesque eget nunc. Donec quis orci eget orci vehicula condimentum. Curabitur in libero ut massa volutpat convallis. Morbi odio odio, elementum eu, interdum eu, tincidunt in, leo.');
INSERT INTO "Message" VALUES (59,'ntrippack4','kchecci7','6:20 PM','In tempor, turpis nec euismod scelerisque, quam turpis adipiscing lorem, vitae mattis nibh ligula nec sem. Duis aliquam convallis nunc. Proin at turpis a pede posuere nonummy. Integer non velit.');
INSERT INTO "Message" VALUES (60,'aclash2q','cdunridge22','11:57 AM','Quisque porta volutpat erat. Quisque erat eros, viverra eget, congue eget, semper rutrum, nulla. Nunc purus. Phasellus in felis.');
INSERT INTO "Message" VALUES (61,'ciamittii2r','rstollenbeckera','9:31 AM','Duis aliquam convallis nunc. Proin at turpis a pede posuere nonummy. Integer non velit. Donec diam neque, vestibulum eget, vulputate ut, ultrices vel, augue. Vestibulum ante ipsum primis in faucibus orci luctus et ultrices posuere cubilia Curae; Donec pharetra, magna vestibulum aliquet ultrices, erat tortor sollicitudin mi, sit amet lobortis sapien sapien non mi. Integer ac neque.');
INSERT INTO "Message" VALUES (62,'nflanne2s','dheimes17','6:14 AM','Suspendisse potenti.');
INSERT INTO "Message" VALUES (63,'jstack2t','cstoppard4c','3:39 AM','In eleifend quam a odio. In hac habitasse platea dictumst. Maecenas ut massa quis augue luctus tincidunt. Nulla mollis molestie lorem. Quisque ut erat. Curabitur gravida nisi at nibh. In hac habitasse platea dictumst.');
INSERT INTO "Message" VALUES (64,'cferroni2u','sreedef','8:18 PM','Aliquam augue quam, sollicitudin vitae, consectetuer eget, rutrum at, lorem. Integer tincidunt ante vel ipsum. Praesent blandit lacinia erat. Vestibulum sed magna at nunc commodo placerat. Praesent blandit. Nam nulla.');
INSERT INTO "Message" VALUES (65,'fclethro2v','akimble3a','12:05 AM','Praesent blandit. Nam nulla. Integer pede justo, lacinia eget, tincidunt eget, tempus vel, pede. Morbi porttitor lorem id ligula. Suspendisse ornare consequat lectus. In est risus, auctor sed, tristique in, tempus sit amet, sem. Fusce consequat.');
INSERT INTO "Message" VALUES (66,'jloody59','chug4i','12:34 AM','Integer ac neque. Duis bibendum. Morbi non quam nec dui luctus rutrum. Nulla tellus. In sagittis dui vel nisl. Duis ac nibh.');
INSERT INTO "Message" VALUES (67,'ldalyiel10','ciamittii2r','4:41 PM','Duis aliquam convallis nunc. Proin at turpis a pede posuere nonummy. Integer non velit. Donec diam neque, vestibulum eget, vulputate ut, ultrices vel, augue. Vestibulum ante ipsum primis in faucibus orci luctus et ultrices posuere cubilia Curae; Donec pharetra, magna vestibulum aliquet ultrices, erat tortor sollicitudin mi, sit amet lobortis sapien sapien non mi. Integer ac neque.');
INSERT INTO "Message" VALUES (68,'ematthisson2y','cnovic2b','2:17 PM','Cum sociis natoque penatibus et magnis dis parturient montes, nascetur ridiculus mus. Etiam vel augue. Vestibulum rutrum rutrum neque. Aenean auctor gravida sem. Praesent id massa id nisl venenatis lacinia. Aenean sit amet justo.');
INSERT INTO "Message" VALUES (69,'eedgin2z','sreedef','12:21 AM','Duis consequat dui nec nisi volutpat eleifend. Donec ut dolor. Morbi vel lectus in quam fringilla rhoncus.');
INSERT INTO "Message" VALUES (70,'acasserley30','croebottom2h','11:03 AM','Quisque ut erat. Curabitur gravida nisi at nibh. In hac habitasse platea dictumst. Aliquam augue quam, sollicitudin vitae, consectetuer eget, rutrum at, lorem. Integer tincidunt ante vel ipsum. Praesent blandit lacinia erat. Vestibulum sed magna at nunc commodo placerat. Praesent blandit.');
INSERT INTO "Message" VALUES (71,'doshiel31','ahuett6','8:39 PM','Nulla justo. Aliquam quis turpis eget elit sodales scelerisque. Mauris sit amet eros. Suspendisse accumsan tortor quis turpis. Sed ante. Vivamus tortor. Duis mattis egestas metus. Aenean fermentum. Donec ut mauris eget massa tempor convallis. Nulla neque libero, convallis eget, eleifend luctus, ultricies eu, nibh.');
INSERT INTO "Message" VALUES (72,'adillingham32','cthurber14','2:04 PM','Morbi porttitor lorem id ligula. Suspendisse ornare consequat lectus. In est risus, auctor sed, tristique in, tempus sit amet, sem. Fusce consequat.');
INSERT INTO "Message" VALUES (73,'dsnalom33','dbartol25','6:02 PM','Morbi ut odio. Cras mi pede, malesuada in, imperdiet et, commodo vulputate, justo. In blandit ultrices enim. Lorem ipsum dolor sit amet, consectetuer adipiscing elit. Proin interdum mauris non ligula pellentesque ultrices. Phasellus id sapien in sapien iaculis congue.');
INSERT INTO "Message" VALUES (74,'dgisbey34','arheam1h','5:31 AM','Donec semper sapien a libero. Nam dui. Proin leo odio, porttitor id, consequat in, consequat ut, nulla. Sed accumsan felis. Ut at dolor quis odio consequat varius. Integer ac leo. Pellentesque ultrices mattis odio. Donec vitae nisi.');
INSERT INTO "Message" VALUES (75,'lkindle35','rweedong','3:58 AM','In hac habitasse platea dictumst. Etiam faucibus cursus urna. Ut tellus. Nulla ut erat id mauris vulputate elementum. Nullam varius. Nulla facilisi. Cras non velit nec nisi vulputate nonummy. Maecenas tincidunt lacus at velit. Vivamus vel nulla eget eros elementum pellentesque. Quisque porta volutpat erat.');
INSERT INTO "Message" VALUES (76,'ecardoso36','vlackham1f','2:59 PM','Donec semper sapien a libero. Nam dui. Proin leo odio, porttitor id, consequat in, consequat ut, nulla. Sed accumsan felis. Ut at dolor quis odio consequat varius. Integer ac leo. Pellentesque ultrices mattis odio. Donec vitae nisi. Nam ultrices, libero non mattis pulvinar, nulla pede ullamcorper augue, a suscipit nulla elit ac nulla. Sed vel enim sit amet nunc viverra dapibus.');
INSERT INTO "Message" VALUES (77,'edumberrill37','tfearnill1b','12:43 AM','Duis ac nibh. Fusce lacus purus, aliquet at, feugiat non, pretium quis, lectus. Suspendisse potenti.');
INSERT INTO "Message" VALUES (78,'mcanterb','dkeele2e','11:20 PM','Duis at velit eu est congue elementum. In hac habitasse platea dictumst.');
INSERT INTO "Message" VALUES (79,'mcanterb','dom','10:40 AM','Integer ac leo. Pellentesque ultrices mattis odio. Donec vitae nisi. Nam ultrices, libero non mattis pulvinar, nulla pede ullamcorper augue, a suscipit nulla elit ac nulla.');
INSERT INTO "Message" VALUES (80,'akimble3a','doshiel31','10:10 AM','Maecenas tristique, est et tempus semper, est quam pharetra magna, ac consequat metus sapien ut nunc. Vestibulum ante ipsum primis in faucibus orci luctus et ultrices posuere cubilia Curae; Mauris viverra diam vitae quam. Suspendisse potenti. Nullam porttitor lacus at turpis. Donec posuere metus vitae ipsum. Aliquam non mauris.');
INSERT INTO "Message" VALUES (81,'otegler3b','vlackham1f','1:15 AM','Ut tellus. Nulla ut erat id mauris vulputate elementum.');
INSERT INTO "Message" VALUES (82,'cferroni2u','dpoyle4p','11:49 PM','Nulla nisl. Nunc nisl. Duis bibendum, felis sed interdum venenatis, turpis enim blandit mi, in porttitor pede justo eu massa. Donec dapibus. Duis at velit eu est congue elementum.');
INSERT INTO "Message" VALUES (83,'gbretherton3d','bcassely20','9:04 PM','Lorem ipsum dolor sit amet, consectetuer adipiscing elit. Proin risus. Praesent lectus.');
INSERT INTO "Message" VALUES (84,'gbrace3e','bbrewin41','11:05 PM','Duis bibendum, felis sed interdum venenatis, turpis enim blandit mi, in porttitor pede justo eu massa.');
INSERT INTO "Message" VALUES (85,'elandis3f','rweedong','10:17 PM','Fusce posuere felis sed lacus.');
INSERT INTO "Message" VALUES (86,'elandis3f','rstollenbeckera','2:50 AM','Pellentesque at nulla. Suspendisse potenti. Cras in purus eu magna vulputate luctus. Cum sociis natoque penatibus et magnis dis parturient montes, nascetur ridiculus mus. Vivamus vestibulum sagittis sapien. Cum sociis natoque penatibus et magnis dis parturient montes, nascetur ridiculus mus. Etiam vel augue. Vestibulum rutrum rutrum neque. Aenean auctor gravida sem. Praesent id massa id nisl venenatis lacinia.');
INSERT INTO "Message" VALUES (87,'elandis3f','rjoselevitch1e','2:15 PM','Vestibulum ante ipsum primis in faucibus orci luctus et ultrices posuere cubilia Curae; Donec pharetra, magna vestibulum aliquet ultrices, erat tortor sollicitudin mi, sit amet lobortis sapien sapien non mi. Integer ac neque. Duis bibendum. Morbi non quam nec dui luctus rutrum. Nulla tellus. In sagittis dui vel nisl.');
INSERT INTO "Message" VALUES (88,'elandis3f','phargroves1m','10:53 AM','Maecenas pulvinar lobortis est. Phasellus sit amet erat. Nulla tempus. Vivamus in felis eu sapien cursus vestibulum. Proin eu mi. Nulla ac enim.');
INSERT INTO "Message" VALUES (89,'elandis3f','obukac1','1:52 AM','Morbi a ipsum.');
INSERT INTO "Message" VALUES (90,'elandis3f','ntrippack4','5:24 PM','Ut tellus. Nulla ut erat id mauris vulputate elementum. Nullam varius. Nulla facilisi. Cras non velit nec nisi vulputate nonummy. Maecenas tincidunt lacus at velit. Vivamus vel nulla eget eros elementum pellentesque. Quisque porta volutpat erat.');
INSERT INTO "Message" VALUES (91,'elandis3f','ntrippack4','5:16 AM','Curabitur gravida nisi at nibh. In hac habitasse platea dictumst. Aliquam augue quam, sollicitudin vitae, consectetuer eget, rutrum at, lorem. Integer tincidunt ante vel ipsum. Praesent blandit lacinia erat. Vestibulum sed magna at nunc commodo placerat. Praesent blandit. Nam nulla. Integer pede justo, lacinia eget, tincidunt eget, tempus vel, pede.');
INSERT INTO "Message" VALUES (92,'elandis3f','nroocroft1j','10:57 AM','Cum sociis natoque penatibus et magnis dis parturient montes, nascetur ridiculus mus. Etiam vel augue. Vestibulum rutrum rutrum neque. Aenean auctor gravida sem.');
INSERT INTO "Message" VALUES (93,'elandis3f','mthewless8','1:45 AM','Nulla nisl. Nunc nisl. Duis bibendum, felis sed interdum venenatis, turpis enim blandit mi, in porttitor pede justo eu massa. Donec dapibus. Duis at velit eu est congue elementum. In hac habitasse platea dictumst. Morbi vestibulum, velit id pretium iaculis, diam erat fermentum justo, nec condimentum neque sapien placerat ante. Nulla justo.');
INSERT INTO "Message" VALUES (94,'elandis3f','mquare1k','10:02 PM','Curabitur gravida nisi at nibh. In hac habitasse platea dictumst.');
INSERT INTO "Message" VALUES (95,'elandis3f','mcanterb','10:31 PM','Donec odio justo, sollicitudin ut, suscipit a, feugiat et, eros. Vestibulum ac est lacinia nisi venenatis tristique. Fusce congue, diam id ornare imperdiet, sapien urna pretium nisl, ut volutpat sapien arcu sed augue. Aliquam erat volutpat. In congue. Etiam justo.');
INSERT INTO "Message" VALUES (96,'elandis3f','lflieger9','12:54 PM','Nunc purus.');
INSERT INTO "Message" VALUES (97,'fbarnewall3r','adeverille4v','6:25 PM','Nulla ac enim. In tempor, turpis nec euismod scelerisque, quam turpis adipiscing lorem, vitae mattis nibh ligula nec sem. Duis aliquam convallis nunc. Proin at turpis a pede posuere nonummy. Integer non velit. Donec diam neque, vestibulum eget, vulputate ut, ultrices vel, augue. Vestibulum ante ipsum primis in faucibus orci luctus et ultrices posuere cubilia Curae; Donec pharetra, magna vestibulum aliquet ultrices, erat tortor sollicitudin mi, sit amet lobortis sapien sapien non mi. Integer ac neque. Duis bibendum. Morbi non quam nec dui luctus rutrum.');
INSERT INTO "Message" VALUES (98,'mquare1k','kstranieri16','2:07 AM','Etiam faucibus cursus urna.');
INSERT INTO "Message" VALUES (99,'nhorche3t','arheam1h','11:36 AM','Proin interdum mauris non ligula pellentesque ultrices. Phasellus id sapien in sapien iaculis congue. Vivamus metus arcu, adipiscing molestie, hendrerit at, vulputate vitae, nisl. Aenean lectus. Pellentesque eget nunc. Donec quis orci eget orci vehicula condimentum.');
INSERT INTO "Message" VALUES (100,'ldoulton4w','john','2:49 PM','Aliquam non mauris. Morbi non lectus. Aliquam sit amet diam in magna bibendum imperdiet. Nullam orci pede, venenatis non, sodales sed, tincidunt eu, felis. Fusce posuere felis sed lacus. Morbi sem mauris, laoreet ut, rhoncus aliquet, pulvinar sed, nisl. Nunc rhoncus dui vel sem. Sed sagittis. Nam congue, risus semper porta volutpat, quam pede lobortis ligula, sit amet eleifend pede libero quis orci. Nullam molestie nibh in lectus.');
INSERT INTO "Message" VALUES (101,'dsumpton3v','gthyingh','9:57 AM','Quisque arcu libero, rutrum ac, lobortis vel, dapibus at, diam.');
INSERT INTO "Message" VALUES (102,'kphillcock3w','vlackham1f','5:29 PM','In quis justo.');
INSERT INTO "Message" VALUES (103,'jwake3x','cthurber14','12:43 AM','In hac habitasse platea dictumst. Maecenas ut massa quis augue luctus tincidunt. Nulla mollis molestie lorem. Quisque ut erat. Curabitur gravida nisi at nibh. In hac habitasse platea dictumst.');
INSERT INTO "Message" VALUES (104,'dpiletic3y','acowupe','9:04 PM','Cras non velit nec nisi vulputate nonummy.');
INSERT INTO "Message" VALUES (105,'eneylan3z','fhastin1l','8:52 PM','Proin eu mi. Nulla ac enim. In tempor, turpis nec euismod scelerisque, quam turpis adipiscing lorem, vitae mattis nibh ligula nec sem. Duis aliquam convallis nunc. Proin at turpis a pede posuere nonummy. Integer non velit. Donec diam neque, vestibulum eget, vulputate ut, ultrices vel, augue. Vestibulum ante ipsum primis in faucibus orci luctus et ultrices posuere cubilia Curae; Donec pharetra, magna vestibulum aliquet ultrices, erat tortor sollicitudin mi, sit amet lobortis sapien sapien non mi. Integer ac neque.');
INSERT INTO "Message" VALUES (106,'oinde40','wkeydeni','6:49 AM','Etiam vel augue. Vestibulum rutrum rutrum neque. Aenean auctor gravida sem. Praesent id massa id nisl venenatis lacinia. Aenean sit amet justo. Morbi ut odio.');
INSERT INTO "Message" VALUES (107,'bbrewin41','dlaurentino15','10:57 AM','Morbi ut odio. Cras mi pede, malesuada in, imperdiet et, commodo vulputate, justo.');
INSERT INTO "Message" VALUES (108,'lweild42','mthewless8','12:05 AM','Cras in purus eu magna vulputate luctus. Cum sociis natoque penatibus et magnis dis parturient montes, nascetur ridiculus mus. Vivamus vestibulum sagittis sapien. Cum sociis natoque penatibus et magnis dis parturient montes, nascetur ridiculus mus. Etiam vel augue. Vestibulum rutrum rutrum neque. Aenean auctor gravida sem. Praesent id massa id nisl venenatis lacinia. Aenean sit amet justo.');
INSERT INTO "Message" VALUES (109,'megalton43','kstranieri16','7:23 PM','Curabitur gravida nisi at nibh. In hac habitasse platea dictumst. Aliquam augue quam, sollicitudin vitae, consectetuer eget, rutrum at, lorem. Integer tincidunt ante vel ipsum. Praesent blandit lacinia erat. Vestibulum sed magna at nunc commodo placerat. Praesent blandit.');
INSERT INTO "Message" VALUES (110,'noconcannon44','ahuett6','12:11 PM','Donec posuere metus vitae ipsum. Aliquam non mauris. Morbi non lectus. Aliquam sit amet diam in magna bibendum imperdiet. Nullam orci pede, venenatis non, sodales sed, tincidunt eu, felis. Fusce posuere felis sed lacus. Morbi sem mauris, laoreet ut, rhoncus aliquet, pulvinar sed, nisl. Nunc rhoncus dui vel sem. Sed sagittis.');
INSERT INTO "Message" VALUES (111,'cdickie45','mthewless8','5:42 PM','Donec odio justo, sollicitudin ut, suscipit a, feugiat et, eros. Vestibulum ac est lacinia nisi venenatis tristique.');
INSERT INTO "Message" VALUES (112,'mchilton46','lbaszkiewicz18','2:08 PM','Nullam molestie nibh in lectus. Pellentesque at nulla. Suspendisse potenti. Cras in purus eu magna vulputate luctus.');
INSERT INTO "Message" VALUES (113,'bfabry47','ahuett6','4:46 PM','Vivamus in felis eu sapien cursus vestibulum. Proin eu mi. Nulla ac enim. In tempor, turpis nec euismod scelerisque, quam turpis adipiscing lorem, vitae mattis nibh ligula nec sem. Duis aliquam convallis nunc.');
INSERT INTO "Message" VALUES (114,'golligan48','blaverock4o','4:57 AM','Morbi vel lectus in quam fringilla rhoncus. Mauris enim leo, rhoncus sed, vestibulum sit amet, cursus id, turpis. Integer aliquet, massa id lobortis convallis, tortor risus dapibus augue, vel accumsan tellus nisi eu orci. Mauris lacinia sapien quis libero. Nullam sit amet turpis elementum ligula vehicula consequat. Morbi a ipsum. Integer a nibh. In quis justo. Maecenas rhoncus aliquam lacus.');
INSERT INTO "Message" VALUES (115,'mwetwood49','dlaurentino15','4:01 PM','Maecenas leo odio, condimentum id, luctus nec, molestie sed, justo. Pellentesque viverra pede ac diam.');
INSERT INTO "Message" VALUES (116,'hmurden4a','cgrebbin2k','5:19 PM','Aenean lectus. Pellentesque eget nunc. Donec quis orci eget orci vehicula condimentum. Curabitur in libero ut massa volutpat convallis. Morbi odio odio, elementum eu, interdum eu, tincidunt in, leo. Maecenas pulvinar lobortis est. Phasellus sit amet erat.');
INSERT INTO "Message" VALUES (117,'llovewell4b','rjoselevitch1e','6:21 AM','Praesent lectus. Vestibulum quam sapien, varius ut, blandit non, interdum in, ante. Vestibulum ante ipsum primis in faucibus orci luctus et ultrices posuere cubilia Curae; Duis faucibus accumsan odio. Curabitur convallis. Duis consequat dui nec nisi volutpat eleifend. Donec ut dolor. Morbi vel lectus in quam fringilla rhoncus.');
INSERT INTO "Message" VALUES (118,'cstoppard4c','fwye3','4:54 PM','Etiam vel augue. Vestibulum rutrum rutrum neque. Aenean auctor gravida sem. Praesent id massa id nisl venenatis lacinia. Aenean sit amet justo.');
INSERT INTO "Message" VALUES (119,'pivermee4d','tfearnill1b','11:00 PM','Proin at turpis a pede posuere nonummy. Integer non velit. Donec diam neque, vestibulum eget, vulputate ut, ultrices vel, augue. Vestibulum ante ipsum primis in faucibus orci luctus et ultrices posuere cubilia Curae; Donec pharetra, magna vestibulum aliquet ultrices, erat tortor sollicitudin mi, sit amet lobortis sapien sapien non mi.');
INSERT INTO "Message" VALUES (120,'mpetroulis4e','ethirwell1d','5:28 PM','Nulla nisl.');
INSERT INTO "Message" VALUES (121,'aellaway4f','rswalough52','1:47 PM','Duis bibendum. Morbi non quam nec dui luctus rutrum. Nulla tellus. In sagittis dui vel nisl. Duis ac nibh. Fusce lacus purus, aliquet at, feugiat non, pretium quis, lectus. Suspendisse potenti. In eleifend quam a odio.');
INSERT INTO "Message" VALUES (122,'cglason4g','sculshew1c','3:35 PM','In sagittis dui vel nisl. Duis ac nibh. Fusce lacus purus, aliquet at, feugiat non, pretium quis, lectus. Suspendisse potenti. In eleifend quam a odio. In hac habitasse platea dictumst. Maecenas ut massa quis augue luctus tincidunt. Nulla mollis molestie lorem.');
INSERT INTO "Message" VALUES (123,'melijah4h','kchecci7','1:10 AM','Phasellus sit amet erat. Nulla tempus. Vivamus in felis eu sapien cursus vestibulum. Proin eu mi. Nulla ac enim. In tempor, turpis nec euismod scelerisque, quam turpis adipiscing lorem, vitae mattis nibh ligula nec sem. Duis aliquam convallis nunc. Proin at turpis a pede posuere nonummy.');
INSERT INTO "Message" VALUES (124,'chug4i','rweedong','10:06 AM','Praesent blandit lacinia erat.');
INSERT INTO "Message" VALUES (125,'fbarter4j','adillingham32','7:48 PM','Pellentesque ultrices mattis odio. Donec vitae nisi. Nam ultrices, libero non mattis pulvinar, nulla pede ullamcorper augue, a suscipit nulla elit ac nulla. Sed vel enim sit amet nunc viverra dapibus. Nulla suscipit ligula in lacus.');
INSERT INTO "Message" VALUES (126,'mcanterb','skorejs4k','6:51 PM','Integer pede justo, lacinia eget, tincidunt eget, tempus vel, pede. Morbi porttitor lorem id ligula. Suspendisse ornare consequat lectus. In est risus, auctor sed, tristique in, tempus sit amet, sem. Fusce consequat. Nulla nisl.');
INSERT INTO "Message" VALUES (127,'ljacombs4l','sreedef','5:09 AM','Vivamus vestibulum sagittis sapien.');
INSERT INTO "Message" VALUES (128,'lwaliszewski4m','nroocroft1j','9:57 PM','Duis at velit eu est congue elementum. In hac habitasse platea dictumst. Morbi vestibulum, velit id pretium iaculis, diam erat fermentum justo, nec condimentum neque sapien placerat ante. Nulla justo. Aliquam quis turpis eget elit sodales scelerisque. Mauris sit amet eros. Suspendisse accumsan tortor quis turpis. Sed ante. Vivamus tortor.');
INSERT INTO "Message" VALUES (129,'jcanet4n','ciamittii2r','4:18 PM','Nunc nisl. Duis bibendum, felis sed interdum venenatis, turpis enim blandit mi, in porttitor pede justo eu massa. Donec dapibus. Duis at velit eu est congue elementum. In hac habitasse platea dictumst. Morbi vestibulum, velit id pretium iaculis, diam erat fermentum justo, nec condimentum neque sapien placerat ante. Nulla justo.');
INSERT INTO "Message" VALUES (130,'blaverock4o','tdelia3m','2:34 AM','Fusce consequat. Nulla nisl. Nunc nisl. Duis bibendum, felis sed interdum venenatis, turpis enim blandit mi, in porttitor pede justo eu massa. Donec dapibus. Duis at velit eu est congue elementum. In hac habitasse platea dictumst. Morbi vestibulum, velit id pretium iaculis, diam erat fermentum justo, nec condimentum neque sapien placerat ante.');
INSERT INTO "Message" VALUES (131,'dpoyle4p','aanstice1g','1:01 AM','Integer pede justo, lacinia eget, tincidunt eget, tempus vel, pede. Morbi porttitor lorem id ligula. Suspendisse ornare consequat lectus. In est risus, auctor sed, tristique in, tempus sit amet, sem. Fusce consequat.');
INSERT INTO "Message" VALUES (132,'nmathissen4q','apettiforc','7:58 PM','Vestibulum quam sapien, varius ut, blandit non, interdum in, ante. Vestibulum ante ipsum primis in faucibus orci luctus et ultrices posuere cubilia Curae; Duis faucibus accumsan odio. Curabitur convallis. Duis consequat dui nec nisi volutpat eleifend. Donec ut dolor. Morbi vel lectus in quam fringilla rhoncus. Mauris enim leo, rhoncus sed, vestibulum sit amet, cursus id, turpis. Integer aliquet, massa id lobortis convallis, tortor risus dapibus augue, vel accumsan tellus nisi eu orci. Mauris lacinia sapien quis libero. Nullam sit amet turpis elementum ligula vehicula consequat.');
INSERT INTO "Message" VALUES (133,'divashintsov4r','apettiforc','7:47 PM','Phasellus sit amet erat. Nulla tempus. Vivamus in felis eu sapien cursus vestibulum. Proin eu mi. Nulla ac enim. In tempor, turpis nec euismod scelerisque, quam turpis adipiscing lorem, vitae mattis nibh ligula nec sem. Duis aliquam convallis nunc. Proin at turpis a pede posuere nonummy.');
INSERT INTO "Message" VALUES (134,'cglason4g','tpikett2m','12:33 PM','Pellentesque eget nunc. Donec quis orci eget orci vehicula condimentum. Curabitur in libero ut massa volutpat convallis. Morbi odio odio, elementum eu, interdum eu, tincidunt in, leo. Maecenas pulvinar lobortis est.');
INSERT INTO "Message" VALUES (135,'acobbin4t','tredshaw3o','7:07 AM','Suspendisse potenti. In eleifend quam a odio. In hac habitasse platea dictumst. Maecenas ut massa quis augue luctus tincidunt. Nulla mollis molestie lorem. Quisque ut erat. Curabitur gravida nisi at nibh.');
INSERT INTO "Message" VALUES (136,'cgoulborn5e','tseamarke5d','10:14 PM','Curabitur in libero ut massa volutpat convallis. Morbi odio odio, elementum eu, interdum eu, tincidunt in, leo. Maecenas pulvinar lobortis est. Phasellus sit amet erat. Nulla tempus. Vivamus in felis eu sapien cursus vestibulum. Proin eu mi.');
INSERT INTO "Message" VALUES (137,'adeverille4v','twisham2x','5:54 PM','Duis mattis egestas metus.');
INSERT INTO "Message" VALUES (138,'ldoulton4w','thellwig1o','3:10 PM','Suspendisse potenti. In eleifend quam a odio. In hac habitasse platea dictumst. Maecenas ut massa quis augue luctus tincidunt. Nulla mollis molestie lorem. Quisque ut erat. Curabitur gravida nisi at nibh. In hac habitasse platea dictumst. Aliquam augue quam, sollicitudin vitae, consectetuer eget, rutrum at, lorem. Integer tincidunt ante vel ipsum.');
INSERT INTO "Message" VALUES (139,'lsinnett4x','phargroves1m','3:39 AM','In hac habitasse platea dictumst. Aliquam augue quam, sollicitudin vitae, consectetuer eget, rutrum at, lorem. Integer tincidunt ante vel ipsum.');
INSERT INTO "Message" VALUES (140,'lblaskett4y','tkevane19','4:14 AM','In eleifend quam a odio. In hac habitasse platea dictumst. Maecenas ut massa quis augue luctus tincidunt. Nulla mollis molestie lorem. Quisque ut erat. Curabitur gravida nisi at nibh.');
INSERT INTO "Message" VALUES (141,'amccollum4z','wfacer4s','11:56 PM','Integer non velit.');
INSERT INTO "Message" VALUES (142,'awillisch50','wrowbottam4u','11:42 AM','Proin eu mi. Nulla ac enim. In tempor, turpis nec euismod scelerisque, quam turpis adipiscing lorem, vitae mattis nibh ligula nec sem. Duis aliquam convallis nunc. Proin at turpis a pede posuere nonummy. Integer non velit.');
INSERT INTO "Message" VALUES (143,'maiskrigg51','mquare1k','2:14 PM','Nullam orci pede, venenatis non, sodales sed, tincidunt eu, felis. Fusce posuere felis sed lacus. Morbi sem mauris, laoreet ut, rhoncus aliquet, pulvinar sed, nisl. Nunc rhoncus dui vel sem. Sed sagittis. Nam congue, risus semper porta volutpat, quam pede lobortis ligula, sit amet eleifend pede libero quis orci. Nullam molestie nibh in lectus. Pellentesque at nulla. Suspendisse potenti. Cras in purus eu magna vulputate luctus.');
INSERT INTO "Message" VALUES (144,'lflieger9','zsheivels5c','5:31 AM','Integer tincidunt ante vel ipsum. Praesent blandit lacinia erat. Vestibulum sed magna at nunc commodo placerat. Praesent blandit.');
INSERT INTO "Message" VALUES (145,'lkohter53','rstollenbeckera','10:31 AM','Donec vitae nisi. Nam ultrices, libero non mattis pulvinar, nulla pede ullamcorper augue, a suscipit nulla elit ac nulla. Sed vel enim sit amet nunc viverra dapibus. Nulla suscipit ligula in lacus. Curabitur at ipsum ac tellus semper interdum. Mauris ullamcorper purus sit amet nulla. Quisque arcu libero, rutrum ac, lobortis vel, dapibus at, diam.');
INSERT INTO "Message" VALUES (146,'ireside54','chug4i','3:22 PM','Donec ut mauris eget massa tempor convallis. Nulla neque libero, convallis eget, eleifend luctus, ultricies eu, nibh.');
INSERT INTO "Message" VALUES (147,'gfaro55','bfabry47','2:03 PM','Pellentesque ultrices mattis odio. Donec vitae nisi. Nam ultrices, libero non mattis pulvinar, nulla pede ullamcorper augue, a suscipit nulla elit ac nulla. Sed vel enim sit amet nunc viverra dapibus. Nulla suscipit ligula in lacus. Curabitur at ipsum ac tellus semper interdum. Mauris ullamcorper purus sit amet nulla. Quisque arcu libero, rutrum ac, lobortis vel, dapibus at, diam.');
INSERT INTO "Message" VALUES (148,'cplaskett56','gflanigan1p','1:02 AM','In sagittis dui vel nisl.');
INSERT INTO "Message" VALUES (149,'mcanterb','ntrippack4','4:34 PM','Fusce lacus purus, aliquet at, feugiat non, pretium quis, lectus. Suspendisse potenti. In eleifend quam a odio.');
INSERT INTO "Message" VALUES (150,'ppalphreyman58','sclouston2','2:10 PM','Praesent lectus. Vestibulum quam sapien, varius ut, blandit non, interdum in, ante. Vestibulum ante ipsum primis in faucibus orci luctus et ultrices posuere cubilia Curae; Duis faucibus accumsan odio. Curabitur convallis. Duis consequat dui nec nisi volutpat eleifend. Donec ut dolor. Morbi vel lectus in quam fringilla rhoncus. Mauris enim leo, rhoncus sed, vestibulum sit amet, cursus id, turpis.');
INSERT INTO "Message" VALUES (151,'rweedong','rweedong','2:44 AM','Cras pellentesque volutpat dui. Maecenas tristique, est et tempus semper, est quam pharetra magna, ac consequat metus sapien ut nunc. Vestibulum ante ipsum primis in faucibus orci luctus et ultrices posuere cubilia Curae; Mauris viverra diam vitae quam. Suspendisse potenti. Nullam porttitor lacus at turpis.');
INSERT INTO "Message" VALUES (152,'nradoux0','zpott1n','10:31 AM','Donec ut dolor. Morbi vel lectus in quam fringilla rhoncus. Mauris enim leo, rhoncus sed, vestibulum sit amet, cursus id, turpis. Integer aliquet, massa id lobortis convallis, tortor risus dapibus augue, vel accumsan tellus nisi eu orci. Mauris lacinia sapien quis libero. Nullam sit amet turpis elementum ligula vehicula consequat. Morbi a ipsum. Integer a nibh. In quis justo. Maecenas rhoncus aliquam lacus.');
INSERT INTO "Message" VALUES (153,'nradoux0','zhiggoe5','10:30 PM','Mauris sit amet eros. Suspendisse accumsan tortor quis turpis. Sed ante. Vivamus tortor. Duis mattis egestas metus. Aenean fermentum. Donec ut mauris eget massa tempor convallis.');
INSERT INTO "Message" VALUES (154,'khoudmontk','wkeydeni','3:27 AM','Cum sociis natoque penatibus et magnis dis parturient montes, nascetur ridiculus mus. Vivamus vestibulum sagittis sapien. Cum sociis natoque penatibus et magnis dis parturient montes, nascetur ridiculus mus. Etiam vel augue. Vestibulum rutrum rutrum neque. Aenean auctor gravida sem.');
INSERT INTO "Message" VALUES (155,'fbassilll','afellows2a','4:19 PM','Integer non velit. Donec diam neque, vestibulum eget, vulputate ut, ultrices vel, augue. Vestibulum ante ipsum primis in faucibus orci luctus et ultrices posuere cubilia Curae; Donec pharetra, magna vestibulum aliquet ultrices, erat tortor sollicitudin mi, sit amet lobortis sapien sapien non mi. Integer ac neque. Duis bibendum. Morbi non quam nec dui luctus rutrum. Nulla tellus. In sagittis dui vel nisl.');
INSERT INTO "Message" VALUES (156,'hcrisfordm','cdickie45','4:40 AM','Donec semper sapien a libero. Nam dui. Proin leo odio, porttitor id, consequat in, consequat ut, nulla. Sed accumsan felis. Ut at dolor quis odio consequat varius.');
INSERT INTO "Message" VALUES (157,'hcrisfordm','cgoulborn5e','7:03 PM','Fusce lacus purus, aliquet at, feugiat non, pretium quis, lectus. Suspendisse potenti.');
INSERT INTO "Message" VALUES (158,'mblackshawo','lflieger9','12:48 AM','Quisque porta volutpat erat. Quisque erat eros, viverra eget, congue eget, semper rutrum, nulla. Nunc purus. Phasellus in felis. Donec semper sapien a libero. Nam dui.');
INSERT INTO "Message" VALUES (159,'djanota3g','zpott1n','7:33 AM','Nunc nisl. Duis bibendum, felis sed interdum venenatis, turpis enim blandit mi, in porttitor pede justo eu massa. Donec dapibus. Duis at velit eu est congue elementum. In hac habitasse platea dictumst. Morbi vestibulum, velit id pretium iaculis, diam erat fermentum justo, nec condimentum neque sapien placerat ante. Nulla justo. Aliquam quis turpis eget elit sodales scelerisque.');
INSERT INTO "Message" VALUES (160,'ljoneyq','sclouston2','5:12 AM','Curabitur gravida nisi at nibh. In hac habitasse platea dictumst.');
INSERT INTO "Message" VALUES (161,'aboughtflowerr','obukac1','4:45 PM','Integer ac leo. Pellentesque ultrices mattis odio. Donec vitae nisi.');
INSERT INTO "Message" VALUES (162,'ireside54','rstollenbeckera','2:01 AM','Etiam justo. Etiam pretium iaculis justo. In hac habitasse platea dictumst. Etiam faucibus cursus urna. Ut tellus. Nulla ut erat id mauris vulputate elementum. Nullam varius. Nulla facilisi. Cras non velit nec nisi vulputate nonummy.');
INSERT INTO "Message" VALUES (163,'pkendalt','sculshew1c','12:44 AM','Nulla tempus. Vivamus in felis eu sapien cursus vestibulum. Proin eu mi.');
INSERT INTO "Message" VALUES (164,'mcanterb','fhastin1l','4:58 AM','Vivamus in felis eu sapien cursus vestibulum. Proin eu mi. Nulla ac enim. In tempor, turpis nec euismod scelerisque, quam turpis adipiscing lorem, vitae mattis nibh ligula nec sem. Duis aliquam convallis nunc. Proin at turpis a pede posuere nonummy.');
INSERT INTO "Message" VALUES (165,'morrinv','fhastin1l','6:11 AM','Donec ut mauris eget massa tempor convallis. Nulla neque libero, convallis eget, eleifend luctus, ultricies eu, nibh. Quisque id justo sit amet sapien dignissim vestibulum. Vestibulum ante ipsum primis in faucibus orci luctus et ultrices posuere cubilia Curae; Nulla dapibus dolor vel est.');
INSERT INTO "Message" VALUES (166,'kbavage2n','gflanigan1p','2:45 PM','Cum sociis natoque penatibus et magnis dis parturient montes, nascetur ridiculus mus. Etiam vel augue.');
INSERT INTO "Message" VALUES (167,'kcallacher2f','gflanigan1p','1:06 PM','Donec vitae nisi. Nam ultrices, libero non mattis pulvinar, nulla pede ullamcorper augue, a suscipit nulla elit ac nulla.');
INSERT INTO "Message" VALUES (168,'kfrye1r','gflanigan1p','4:41 AM','Aliquam sit amet diam in magna bibendum imperdiet. Nullam orci pede, venenatis non, sodales sed, tincidunt eu, felis. Fusce posuere felis sed lacus. Morbi sem mauris, laoreet ut, rhoncus aliquet, pulvinar sed, nisl. Nunc rhoncus dui vel sem. Sed sagittis. Nam congue, risus semper porta volutpat, quam pede lobortis ligula, sit amet eleifend pede libero quis orci. Nullam molestie nibh in lectus. Pellentesque at nulla. Suspendisse potenti.');
INSERT INTO "Message" VALUES (169,'khoudmontk','gflanigan1p','5:02 PM','In tempor, turpis nec euismod scelerisque, quam turpis adipiscing lorem, vitae mattis nibh ligula nec sem. Duis aliquam convallis nunc. Proin at turpis a pede posuere nonummy. Integer non velit. Donec diam neque, vestibulum eget, vulputate ut, ultrices vel, augue. Vestibulum ante ipsum primis in faucibus orci luctus et ultrices posuere cubilia Curae; Donec pharetra, magna vestibulum aliquet ultrices, erat tortor sollicitudin mi, sit amet lobortis sapien sapien non mi.');
INSERT INTO "Message" VALUES (170,'kphillcock3w','gflanigan1p','8:15 PM','Donec vitae nisi. Nam ultrices, libero non mattis pulvinar, nulla pede ullamcorper augue, a suscipit nulla elit ac nulla.');
INSERT INTO "Message" VALUES (171,'mthewless8','gthyingh','1:23 PM','Morbi odio odio, elementum eu, interdum eu, tincidunt in, leo. Maecenas pulvinar lobortis est. Phasellus sit amet erat. Nulla tempus. Vivamus in felis eu sapien cursus vestibulum. Proin eu mi. Nulla ac enim. In tempor, turpis nec euismod scelerisque, quam turpis adipiscing lorem, vitae mattis nibh ligula nec sem.');
INSERT INTO "Message" VALUES (172,'egarnall12','sclouston2','8:41 AM','Vestibulum ante ipsum primis in faucibus orci luctus et ultrices posuere cubilia Curae; Mauris viverra diam vitae quam. Suspendisse potenti. Nullam porttitor lacus at turpis.');
INSERT INTO "Message" VALUES (173,'jliptrodn','cexter1a','3:03 AM','Praesent blandit lacinia erat. Vestibulum sed magna at nunc commodo placerat. Praesent blandit. Nam nulla. Integer pede justo, lacinia eget, tincidunt eget, tempus vel, pede.');
INSERT INTO "Message" VALUES (174,'cthurber14','ethirwell1d','4:23 PM','In hac habitasse platea dictumst. Morbi vestibulum, velit id pretium iaculis, diam erat fermentum justo, nec condimentum neque sapien placerat ante. Nulla justo. Aliquam quis turpis eget elit sodales scelerisque. Mauris sit amet eros. Suspendisse accumsan tortor quis turpis. Sed ante. Vivamus tortor. Duis mattis egestas metus. Aenean fermentum.');
INSERT INTO "Message" VALUES (175,'bsyratt1q','nroocroft1j','12:24 AM','Nunc nisl. Duis bibendum, felis sed interdum venenatis, turpis enim blandit mi, in porttitor pede justo eu massa. Donec dapibus. Duis at velit eu est congue elementum. In hac habitasse platea dictumst. Morbi vestibulum, velit id pretium iaculis, diam erat fermentum justo, nec condimentum neque sapien placerat ante. Nulla justo. Aliquam quis turpis eget elit sodales scelerisque.');
INSERT INTO "Message" VALUES (176,'kfrye1r','zpott1n','11:18 AM','Sed ante. Vivamus tortor.');
INSERT INTO "Message" VALUES (177,'farney1s','acobbin4t','8:35 AM','Suspendisse potenti. Nullam porttitor lacus at turpis. Donec posuere metus vitae ipsum. Aliquam non mauris. Morbi non lectus. Aliquam sit amet diam in magna bibendum imperdiet. Nullam orci pede, venenatis non, sodales sed, tincidunt eu, felis. Fusce posuere felis sed lacus. Morbi sem mauris, laoreet ut, rhoncus aliquet, pulvinar sed, nisl. Nunc rhoncus dui vel sem.');
INSERT INTO "Message" VALUES (178,'dframmingham1t','bllewellyd','1:30 AM','Nullam varius. Nulla facilisi. Cras non velit nec nisi vulputate nonummy. Maecenas tincidunt lacus at velit. Vivamus vel nulla eget eros elementum pellentesque.');
INSERT INTO "Message" VALUES (179,'mgeraldini1u','gthyingh','12:04 PM','Curabitur in libero ut massa volutpat convallis. Morbi odio odio, elementum eu, interdum eu, tincidunt in, leo. Maecenas pulvinar lobortis est. Phasellus sit amet erat. Nulla tempus. Vivamus in felis eu sapien cursus vestibulum. Proin eu mi. Nulla ac enim. In tempor, turpis nec euismod scelerisque, quam turpis adipiscing lorem, vitae mattis nibh ligula nec sem.');
INSERT INTO "Message" VALUES (180,'ebellini1v','wkeydeni','12:30 PM','Donec semper sapien a libero. Nam dui. Proin leo odio, porttitor id, consequat in, consequat ut, nulla. Sed accumsan felis. Ut at dolor quis odio consequat varius. Integer ac leo.');
INSERT INTO "Message" VALUES (181,'mmariotte1w','gflanigan1p','2:05 AM','Aliquam augue quam, sollicitudin vitae, consectetuer eget, rutrum at, lorem. Integer tincidunt ante vel ipsum. Praesent blandit lacinia erat. Vestibulum sed magna at nunc commodo placerat. Praesent blandit. Nam nulla. Integer pede justo, lacinia eget, tincidunt eget, tempus vel, pede. Morbi porttitor lorem id ligula.');
INSERT INTO "Message" VALUES (182,'nheyns1x','bllewellyd','11:13 PM','Quisque id justo sit amet sapien dignissim vestibulum. Vestibulum ante ipsum primis in faucibus orci luctus et ultrices posuere cubilia Curae; Nulla dapibus dolor vel est. Donec odio justo, sollicitudin ut, suscipit a, feugiat et, eros. Vestibulum ac est lacinia nisi venenatis tristique. Fusce congue, diam id ornare imperdiet, sapien urna pretium nisl, ut volutpat sapien arcu sed augue. Aliquam erat volutpat. In congue. Etiam justo. Etiam pretium iaculis justo. In hac habitasse platea dictumst.');
INSERT INTO "Message" VALUES (183,'pbrawson1y','thellwig1o','10:37 PM','Nunc rhoncus dui vel sem. Sed sagittis. Nam congue, risus semper porta volutpat, quam pede lobortis ligula, sit amet eleifend pede libero quis orci. Nullam molestie nibh in lectus. Pellentesque at nulla. Suspendisse potenti. Cras in purus eu magna vulputate luctus. Cum sociis natoque penatibus et magnis dis parturient montes, nascetur ridiculus mus. Vivamus vestibulum sagittis sapien. Cum sociis natoque penatibus et magnis dis parturient montes, nascetur ridiculus mus.');
INSERT INTO "Message" VALUES (184,'fimloch1z','awillisch50','1:35 AM','Maecenas tincidunt lacus at velit. Vivamus vel nulla eget eros elementum pellentesque. Quisque porta volutpat erat.');
INSERT INTO "Message" VALUES (185,'bcassely20','mcanterb','9:37 PM','Nunc rhoncus dui vel sem. Sed sagittis. Nam congue, risus semper porta volutpat, quam pede lobortis ligula, sit amet eleifend pede libero quis orci. Nullam molestie nibh in lectus. Pellentesque at nulla.');
INSERT INTO "Message" VALUES (186,'rjoselevitch1e','lflieger9','4:37 PM','Phasellus in felis. Donec semper sapien a libero. Nam dui. Proin leo odio, porttitor id, consequat in, consequat ut, nulla. Sed accumsan felis. Ut at dolor quis odio consequat varius. Integer ac leo.');
INSERT INTO "Message" VALUES (187,'cdunridge22','tfearnill1b','7:44 AM','Nunc purus. Phasellus in felis. Donec semper sapien a libero. Nam dui. Proin leo odio, porttitor id, consequat in, consequat ut, nulla.');
INSERT INTO "Message" VALUES (188,'lsuggett23','ntrippack4','7:26 PM','Nullam orci pede, venenatis non, sodales sed, tincidunt eu, felis. Fusce posuere felis sed lacus.');
INSERT INTO "Message" VALUES (189,'iaxtens3p','dlaurentino15','9:46 AM','Quisque id justo sit amet sapien dignissim vestibulum. Vestibulum ante ipsum primis in faucibus orci luctus et ultrices posuere cubilia Curae; Nulla dapibus dolor vel est. Donec odio justo, sollicitudin ut, suscipit a, feugiat et, eros.');
INSERT INTO "Message" VALUES (190,'dbartol25','dheimes17','11:12 PM','Curabitur convallis. Duis consequat dui nec nisi volutpat eleifend. Donec ut dolor.');
INSERT INTO "Message" VALUES (191,'kstranieri16','zhiggoe5','7:57 AM','Praesent id massa id nisl venenatis lacinia. Aenean sit amet justo. Morbi ut odio. Cras mi pede, malesuada in, imperdiet et, commodo vulputate, justo. In blandit ultrices enim. Lorem ipsum dolor sit amet, consectetuer adipiscing elit. Proin interdum mauris non ligula pellentesque ultrices.');
INSERT INTO "Message" VALUES (192,'jsainsburybrown27','croebottom2h','11:06 AM','In blandit ultrices enim. Lorem ipsum dolor sit amet, consectetuer adipiscing elit. Proin interdum mauris non ligula pellentesque ultrices. Phasellus id sapien in sapien iaculis congue. Vivamus metus arcu, adipiscing molestie, hendrerit at, vulputate vitae, nisl. Aenean lectus. Pellentesque eget nunc. Donec quis orci eget orci vehicula condimentum. Curabitur in libero ut massa volutpat convallis. Morbi odio odio, elementum eu, interdum eu, tincidunt in, leo.');
INSERT INTO "Message" VALUES (193,'echesley28','thellwig1o','8:42 PM','Suspendisse potenti. In eleifend quam a odio. In hac habitasse platea dictumst. Maecenas ut massa quis augue luctus tincidunt. Nulla mollis molestie lorem. Quisque ut erat. Curabitur gravida nisi at nibh. In hac habitasse platea dictumst. Aliquam augue quam, sollicitudin vitae, consectetuer eget, rutrum at, lorem.');
INSERT INTO "Message" VALUES (194,'obukac1','kstranieri16','5:31 AM','Morbi odio odio, elementum eu, interdum eu, tincidunt in, leo. Maecenas pulvinar lobortis est.');
INSERT INTO "Message" VALUES (195,'afellows2a','mcanterb','9:49 AM','Donec posuere metus vitae ipsum. Aliquam non mauris.');
INSERT INTO "Message" VALUES (196,'cnovic2b','gseabon1i','10:18 AM','Nunc rhoncus dui vel sem. Sed sagittis. Nam congue, risus semper porta volutpat, quam pede lobortis ligula, sit amet eleifend pede libero quis orci. Nullam molestie nibh in lectus. Pellentesque at nulla. Suspendisse potenti. Cras in purus eu magna vulputate luctus. Cum sociis natoque penatibus et magnis dis parturient montes, nascetur ridiculus mus. Vivamus vestibulum sagittis sapien. Cum sociis natoque penatibus et magnis dis parturient montes, nascetur ridiculus mus.');
INSERT INTO "Message" VALUES (197,'bsacaze2c','mcanterb','10:54 PM','Aenean fermentum. Donec ut mauris eget massa tempor convallis. Nulla neque libero, convallis eget, eleifend luctus, ultricies eu, nibh. Quisque id justo sit amet sapien dignissim vestibulum. Vestibulum ante ipsum primis in faucibus orci luctus et ultrices posuere cubilia Curae; Nulla dapibus dolor vel est. Donec odio justo, sollicitudin ut, suscipit a, feugiat et, eros. Vestibulum ac est lacinia nisi venenatis tristique. Fusce congue, diam id ornare imperdiet, sapien urna pretium nisl, ut volutpat sapien arcu sed augue.');
INSERT INTO "Message" VALUES (198,'bsacaze2c','rjoselevitch1e','9:42 PM','Quisque ut erat. Curabitur gravida nisi at nibh. In hac habitasse platea dictumst. Aliquam augue quam, sollicitudin vitae, consectetuer eget, rutrum at, lorem. Integer tincidunt ante vel ipsum. Praesent blandit lacinia erat. Vestibulum sed magna at nunc commodo placerat. Praesent blandit.');
INSERT INTO "Message" VALUES (199,'bsacaze2c','phargroves1m','2:11 PM','Pellentesque viverra pede ac diam. Cras pellentesque volutpat dui. Maecenas tristique, est et tempus semper, est quam pharetra magna, ac consequat metus sapien ut nunc. Vestibulum ante ipsum primis in faucibus orci luctus et ultrices posuere cubilia Curae; Mauris viverra diam vitae quam. Suspendisse potenti.');
INSERT INTO "Message" VALUES (200,'bsacaze2c','obukac1','12:11 AM','Morbi non lectus.');
INSERT INTO "School" VALUES (1,'Northeastern University');
INSERT INTO "School" VALUES (2,'SFSU');
INSERT INTO "School" VALUES (3,'UCSB');
INSERT INTO "School" VALUES (4,'NYU');
INSERT INTO "School" VALUES (5,'CalPoly');
INSERT INTO "School" VALUES (6,'UOP');
INSERT INTO "School" VALUES (7,'UCSD');
INSERT INTO "School" VALUES (8,'UCSC');
INSERT INTO "School" VALUES (9,'UCLA');
INSERT INTO "School" VALUES (10,'City College');
INSERT INTO "Listing" VALUES (1,'123 Avenue Street','10/24/2021',125,'apartment',1400,'Small single dorm in San Francisco',12,'FALSE',1);
INSERT INTO "Listing" VALUES (2,'321 Street Blvd','10/24/2021',150,'dorm',1000,'vlsiefjnblwkjenrtg',12,'TRUE',1);
INSERT INTO "Listing" VALUES (3,'4 John Wall Terrace','10/29/2021',389,'apartment',2865,'null',6,'FALSE',16);
INSERT INTO "Listing" VALUES (4,'1882 Fuller Parkway','8/13/2021',27,'apartment',2623,'( )',10,'FALSE',24);
INSERT INTO "Listing" VALUES (5,'8 Farragut Place','11/10/2021',427,'apartment',2470,'     ',1,'FALSE',4);
INSERT INTO "Listing" VALUES (6,'71583 Oneill Crossing','10/11/2021',353,'apartment',1652,NULL,10,'TRUE',20);
INSERT INTO "Listing" VALUES (7,'23420 Old Shore Lane','8/18/2021',256,'dorm',619,NULL,10,'TRUE',10);
INSERT INTO "Listing" VALUES (8,'547 Northland Parkway','11/28/2021',282,'dorm',2165,'test',3,'FALSE',22);
INSERT INTO "Listing" VALUES (9,'7117 Monterey Crossing','9/4/2021',475,'dorm',1276,NULL,10,'TRUE',33);
INSERT INTO "Listing" VALUES (10,'12 Everett Alley','10/19/2021',24,'apartment',1124,'',NULL,'FALSE',14);
INSERT INTO "Listing" VALUES (11,'15945 Muir Drive','8/29/2021',182,'dorm',2108,'/dev/null; touch /tmp/blns.fail ; echo',8,'FALSE',39);
INSERT INTO "Listing" VALUES (12,'5 Almo Center','12/25/2021',64,'apartment',2329,'(',7,'FALSE',20);
INSERT INTO "Listing" VALUES (13,'793 Badeau Point','9/22/2021',140,'dorm',2451,'He who Waits Behind The Wall.',6,'FALSE',20);
INSERT INTO "Listing" VALUES (14,'49647 2nd Terrace','10/26/2021',174,'apartment',1070,NULL,8,'FALSE',10);
INSERT INTO "Listing" VALUES (15,'07908 Becker Street','8/18/2021',221,'dorm',954,'1E+02',9,'TRUE',1);
INSERT INTO "Listing" VALUES (16,'9 Upham Point','11/27/2021',20,'dorm',1662,'',2,'TRUE',27);
INSERT INTO "Listing" VALUES (17,'891 Lillian Street','11/16/2021',59,'apartment',628,'()',7,'TRUE',7);
INSERT INTO "Listing" VALUES (18,'1 Sullivan Terrace','11/20/2021',23,'dorm',1896,NULL,6,'TRUE',35);
INSERT INTO "Listing" VALUES (19,'512 Redwing Center','12/25/2021',144,'apartment',1580,NULL,1,'FALSE',38);
INSERT INTO "Listing" VALUES (20,'3 Pleasure Avenue','12/8/2021',235,'dorm',1935,'( ',8,'TRUE',38);
INSERT INTO "Listing" VALUES (21,'46140 Tennessee Avenue','9/5/2021',277,'dorm',2696,NULL,10,'FALSE',30);
INSERT INTO "Listing" VALUES (22,'684 Nancy Crossing','11/1/2021',329,'dorm',1582,'../../../../../../../../../../../etc/hosts',10,'FALSE',5);
INSERT INTO "Listing" VALUES (23,'227 Tennyson Circle','9/22/2021',390,'apartment',2832,NULL,4,'FALSE',36);
INSERT INTO "Listing" VALUES (24,'046 Mccormick Point','11/30/2021',327,'dorm',806,'<img src=x onerror=alert(''hi'') />',11,'FALSE',8);
INSERT INTO "Listing" VALUES (25,'677 Cordelia Road','8/27/2021',386,'apartment',1058,'1;DROP TABLE users',NULL,'TRUE',22);
INSERT INTO "Listing" VALUES (26,'0427 Starling Hill','10/3/2021',195,'apartment',1250,'!@#$%^&*()',10,'FALSE',40);
INSERT INTO "Listing" VALUES (27,'41 Sherman Circle','8/10/2021',47,'dorm',2244,'',1,'TRUE',28);
INSERT INTO "Listing" VALUES (28,'9 Moland Hill','8/4/2021',219,'apartment',1270,',./;''[]\-=',10,'TRUE',20);
INSERT INTO "Listing" VALUES (29,'3 Ilene Avenue','11/8/2021',253,'dorm',2816,'',5,'TRUE',38);
INSERT INTO "Listing" VALUES (30,'723 Kenwood Parkway','11/19/2021',329,'dorm',1688,NULL,11,'FALSE',28);
INSERT INTO "Listing" VALUES (31,'08 Hazelcrest Drive','12/30/2021',131,'dorm',558,'-1E+02',NULL,'TRUE',12);
INSERT INTO "Listing" VALUES (32,'22 Di Loreto Alley','11/18/2021',119,'dorm',1319,NULL,NULL,'FALSE',4);
INSERT INTO "Listing" VALUES (33,'03945 Manley Place','10/8/2021',494,'dorm',1961,NULL,2,'TRUE',32);
INSERT INTO "Listing" VALUES (34,'017 Mitchell Point','9/5/2021',447,'dorm',901,'( )',4,'TRUE',37);
INSERT INTO "Listing" VALUES (35,'85 Quincy Way','10/2/2021',11,'apartment',814,'<script>alert(''hi'')</script>',10,'FALSE',20);
INSERT INTO "Listing" VALUES (36,'5 Morningstar Place','11/11/2021',192,'apartment',1989,NULL,9,'TRUE',3);
INSERT INTO "Listing" VALUES (37,'51654 Summerview Court','8/14/2021',404,'dorm',1013,'',10,'TRUE',5);
INSERT INTO "Listing" VALUES (38,'7506 Sage Terrace','12/17/2021',219,'dorm',1345,'nil',8,'TRUE',24);
INSERT INTO "Listing" VALUES (39,'2605 Warner Alley','11/17/2021',313,'dorm',1477,'NIL',12,'FALSE',5);
INSERT INTO "Listing" VALUES (40,'227 Springs Avenue','8/24/2021',403,'dorm',2644,'',8,'TRUE',16);
INSERT INTO "Listing" VALUES (41,'15 Burning Wood Crossing','10/28/2021',348,'dorm',2287,'',10,'FALSE',2);
INSERT INTO "Listing" VALUES (42,'532 Mandrake Lane','8/29/2021',143,'dorm',608,'',9,'FALSE',38);
INSERT INTO "Listing" VALUES (43,'20867 Pleasure Street','8/31/2021',399,'apartment',2984,'',6,'TRUE',1);
INSERT INTO "Listing" VALUES (44,'9 Dovetail Plaza','10/1/2021',109,'dorm',1330,'',12,'TRUE',8);
INSERT INTO "Listing" VALUES (45,'5 Holmberg Avenue','11/7/2021',54,'apartment',912,'test ',6,'TRUE',14);
INSERT INTO "Listing" VALUES (46,'72 Gulseth Circle',NULL,460,'dorm',2452,NULL,11,'FALSE',17);
INSERT INTO "Listing" VALUES (47,'79 Little Fleur Plaza','10/9/2021',10,'apartment',653,'-1E+02',NULL,'FALSE',38);
INSERT INTO "Listing" VALUES (48,'6 Manitowish Avenue','8/15/2021',1,'dorm',1800,'',5,'TRUE',18);
INSERT INTO "Listing" VALUES (49,'1 Starling Place',NULL,317,'dorm',2621,'"''''''''"''"',NULL,'TRUE',13);
INSERT INTO "Listing" VALUES (50,'4884 Roxbury Center','11/1/2021',393,'apartment',1417,'',4,'TRUE',17);
INSERT INTO "Listing" VALUES (51,'053 Kings Avenue','9/9/2021',276,'dorm',2814,'',2,'TRUE',27);
INSERT INTO "Listing" VALUES (52,'7234 Pankratz Parkway','10/19/2021',364,'dorm',464,'() { 0; }; touch /tmp/blns.shellshock1.fail;',9,'TRUE',16);
INSERT INTO "Listing" VALUES (53,'33149 Johnson Center','9/1/2021',371,'apartment',2670,NULL,9,'FALSE',13);
INSERT INTO "Listing" VALUES (54,'92228 Barnett Alley','8/6/2021',208,'dorm',2995,'',4,'TRUE',15);
INSERT INTO "Listing" VALUES (55,'52 Prairie Rose Place','11/5/2021',289,'dorm',2649,'/dev/null; touch /tmp/blns.fail ; echo',12,'TRUE',29);
INSERT INTO "Listing" VALUES (56,'568 Alpine Place',NULL,438,'dorm',1203,'test',2,'FALSE',24);
INSERT INTO "Listing" VALUES (57,'7 Arrowood Road','9/20/2021',476,'apartment',2902,'1E+02',8,'TRUE',23);
INSERT INTO "Listing" VALUES (58,'11658 Toban Park','8/7/2021',30,'dorm',2617,'1',3,'FALSE',17);
INSERT INTO "Listing" VALUES (59,'12939 Glendale Plaza','9/12/2021',7,'dorm',2376,'999999999999999999999999999999999999999999999999999999999999999999999999999999999999999999999999',12,'TRUE',22);
INSERT INTO "Listing" VALUES (60,'37 Twin Pines Parkway','11/12/2021',367,'dorm',2975,'<img src=x onerror=alert(''hi'') />',NULL,'TRUE',17);
INSERT INTO "Listing" VALUES (61,'600 Westridge Way','12/22/2021',302,'dorm',1442,NULL,1,'FALSE',23);
INSERT INTO "Listing" VALUES (62,'5 Waubesa Place','11/27/2021',209,'apartment',1268,'-1E+02',5,'FALSE',20);
INSERT INTO "Listing" VALUES (63,'7 Mifflin Court','10/6/2021',400,'dorm',1363,'../../../../../../../../../../../etc/hosts',3,'TRUE',13);
INSERT INTO "Listing" VALUES (64,'763 Park Meadow Park','12/17/2021',385,'dorm',984,'null',NULL,'TRUE',13);
INSERT INTO "Listing" VALUES (65,'577 Blaine Lane','11/14/2021',57,'apartment',2224,'',6,'TRUE',3);
INSERT INTO "Listing" VALUES (66,'59276 Chinook Pass','10/15/2021',113,'dorm',619,'ZALGO',1,'FALSE',2);
INSERT INTO "Listing" VALUES (67,'2436 Macpherson Park','9/25/2021',291,'dorm',1054,'/dev/null; touch /tmp/blns.fail ; echo',10,'FALSE',35);
INSERT INTO "Listing" VALUES (68,'697 Cherokee Crossing','9/18/2021',200,'dorm',2875,'"''"''"''''''''"',6,'TRUE',2);
INSERT INTO "Listing" VALUES (69,'77 Doe Crossing Avenue','8/25/2021',416,'dorm',575,'1''; DROP TABLE users--',10,'TRUE',27);
INSERT INTO "Listing" VALUES (70,'69 Sutteridge Pass','8/29/2021',118,'apartment',2217,'',10,'TRUE',12);
INSERT INTO "Listing" VALUES (71,'8986 Dunning Plaza','11/27/2021',236,'dorm',1710,'0 1 2 3 4 5 6 7 8 9 ',8,'FALSE',5);
INSERT INTO "Listing" VALUES (72,'3 Springs Parkway','9/25/2021',483,'apartment',1688,'1/0',2,'FALSE',8);
INSERT INTO "Listing" VALUES (73,'9437 Service Street','9/15/2021',307,'dorm',2508,'testtest',4,'TRUE',11);
INSERT INTO "Listing" VALUES (74,'3892 Cottonwood Circle','11/26/2021',123,'dorm',2108,'test',11,'FALSE',11);
INSERT INTO "Listing" VALUES (75,'5445 Delaware Court','10/3/2021',22,'apartment',2208,'',NULL,'TRUE',14);
INSERT INTO "Listing" VALUES (76,'935 Iowa Alley','11/14/2021',329,'apartment',2009,'1;DROP TABLE users',NULL,'TRUE',3);
INSERT INTO "Listing" VALUES (77,'2 Green Ridge Way','11/9/2021',369,'apartment',754,'( ',10,'TRUE',20);
INSERT INTO "Listing" VALUES (78,'1683 Golden Leaf Park','11/13/2021',31,'apartment',2438,NULL,12,'TRUE',16);
INSERT INTO "Listing" VALUES (79,'2 Orin Alley','9/27/2021',471,'dorm',1150,'',1,'TRUE',8);
INSERT INTO "Listing" VALUES (80,'1012 Maywood Center','10/21/2021',272,'apartment',772,'0/0',10,'FALSE',9);
INSERT INTO "Listing" VALUES (81,'2782 Ridge Oak Road','8/24/2021',68,'apartment',2611,NULL,7,'FALSE',10);
INSERT INTO "Listing" VALUES (82,'0615 Fallview Lane','11/9/2021',298,'apartment',1119,NULL,4,'TRUE',33);
INSERT INTO "Listing" VALUES (83,'7 Heffernan Plaza','11/30/2021',275,'dorm',876,'../../../../../../../../../../../etc/passwd%00',5,'FALSE',25);
INSERT INTO "Listing" VALUES (84,'8971 Prairie Rose Trail','11/22/2021',318,'dorm',2424,'',9,'FALSE',13);
INSERT INTO "Listing" VALUES (85,'0 Anderson Circle','8/18/2021',281,'dorm',930,'0.00',NULL,'TRUE',11);
INSERT INTO "Listing" VALUES (86,'1 Graceland Street','12/16/2021',468,'dorm',2267,'-1',5,'FALSE',26);
INSERT INTO "Listing" VALUES (87,'2 Eastlawn Way','10/19/2021',303,'dorm',1553,NULL,7,'FALSE',21);
INSERT INTO "Listing" VALUES (88,'393 Onsgard Crossing','10/9/2021',379,'apartment',1090,'():*:',3,'FALSE',12);
INSERT INTO "Listing" VALUES (89,'51 Grayhawk Lane','9/16/2021',441,'apartment',446,NULL,5,'FALSE',35);
INSERT INTO "Listing" VALUES (90,'17975 Oxford Place','8/29/2021',96,'apartment',2723,NULL,NULL,'TRUE',30);
INSERT INTO "Listing" VALUES (91,'6 Bayside Trail','9/12/2021',262,'apartment',2466,NULL,3,'TRUE',14);
INSERT INTO "Listing" VALUES (92,'82 Fulton Place',NULL,420,'apartment',2903,'-1.00',2,'FALSE',3);
INSERT INTO "Listing" VALUES (93,'991 Northland Drive','10/1/2021',437,'dorm',1228,'',9,'FALSE',25);
INSERT INTO "Listing" VALUES (94,'3898 Buhler Street','10/24/2021',100,'dorm',2965,'1/2',8,'FALSE',21);
INSERT INTO "Listing" VALUES (95,'71 Pleasure Drive','10/21/2021',322,'apartment',2958,'1''; DROP TABLE users--',4,'TRUE',31);
INSERT INTO "Listing" VALUES (96,'81 Charing Cross Court','9/5/2021',394,'apartment',1680,'',3,'TRUE',16);
INSERT INTO "Listing" VALUES (97,'78960 Service Pass','8/15/2021',300,'apartment',799,'',1,'TRUE',34);
INSERT INTO "Listing" VALUES (98,'54280 Sachtjen Street','9/6/2021',414,'apartment',900,NULL,4,'TRUE',38);
INSERT INTO "Listing" VALUES (99,'6 Mesta Alley','12/17/2021',358,'dorm',1605,'',NULL,'FALSE',33);
INSERT INTO "Listing" VALUES (100,'7046 Vahlen Junction','10/25/2021',286,'apartment',1853,'',12,'FALSE',23);
INSERT INTO "Listing" VALUES (101,'70 Kingsford Plaza','10/19/2021',71,'dorm',672,'../../../../../../../../../../../etc/passwd%00',4,'FALSE',27);
INSERT INTO "Listing" VALUES (102,'65 Aberg Trail','8/13/2021',159,'dorm',1611,'',8,'TRUE',31);
INSERT INTO "Listing" VALUES (103,'9158 Valley Edge Road',NULL,359,'dorm',1415,'( ',2,'FALSE',21);
INSERT INTO "Listing" VALUES (104,'4394 Stang Road','10/1/2021',242,'apartment',2130,'-1/2',NULL,'FALSE',13);
INSERT INTO "Listing" VALUES (105,'55656 Buell Drive','9/6/2021',341,'dorm',2979,NULL,4,'FALSE',19);
INSERT INTO "Listing" VALUES (106,'6431 Twin Pines Way','12/25/2021',60,'dorm',1823,NULL,12,'FALSE',8);
INSERT INTO "Listing" VALUES (107,'2 International Drive','8/22/2021',175,'apartment',1964,'',8,'TRUE',27);
INSERT INTO "Listing" VALUES (108,'24 Maple Park','8/11/2021',100,'apartment',674,'<>?:"{}|_+',12,'FALSE',28);
INSERT INTO "Listing" VALUES (109,'8559 Amoth Place',NULL,52,'dorm',1122,'<script>alert(''hi'')</script>',8,'TRUE',8);
INSERT INTO "Listing" VALUES (110,'8 Utah Circle','10/7/2021',100,'apartment',431,',./;''[]\-=',6,'TRUE',8);
INSERT INTO "Listing" VALUES (111,'18622 Westridge Hill','12/5/2021',350,'apartment',2558,'   ',11,'TRUE',5);
INSERT INTO "Listing" VALUES (112,'58300 Eastwood Avenue','10/29/2021',473,'dorm',947,'()',4,'TRUE',13);
INSERT INTO "Listing" VALUES (113,'3 Linden Road','12/22/2021',391,'apartment',1310,'',NULL,'TRUE',12);
INSERT INTO "Listing" VALUES (114,'2 Acker Court','11/4/2021',466,'apartment',660,'',6,'TRUE',23);
INSERT INTO "Listing" VALUES (115,'82828 Hudson Drive','8/7/2021',114,'apartment',2394,'test ',5,'TRUE',38);
INSERT INTO "Listing" VALUES (116,'6 Kim Trail','9/20/2021',351,'apartment',2486,NULL,1,'TRUE',21);
INSERT INTO "Listing" VALUES (117,'830 Kenwood Crossing','12/6/2021',167,'apartment',2602,' ',7,'FALSE',28);
INSERT INTO "Listing" VALUES (118,'892 Dennis Hill','10/14/2021',457,'dorm',641,'<svg><script>0<1>alert(''XSS'')</script>',6,'TRUE',21);
INSERT INTO "Listing" VALUES (119,'2066 Quincy Pass','8/8/2021',203,'dorm',1265,'`',NULL,'FALSE',20);
INSERT INTO "Listing" VALUES (120,'697 Laurel Place','8/28/2021',256,'apartment',1330,'',NULL,'TRUE',34);
INSERT INTO "Listing" VALUES (121,'82842 Westport Junction','10/11/2021',316,'dorm',2059,'NIL',10,'TRUE',8);
INSERT INTO "Listing" VALUES (122,'2 Dovetail Pass','12/15/2021',287,'apartment',1717,'(',11,'FALSE',34);
INSERT INTO "Listing" VALUES (123,'1 Magdeline Street','9/18/2021',100,'dorm',456,NULL,10,'FALSE',10);
INSERT INTO "Listing" VALUES (124,'963 Eastwood Junction','8/15/2021',270,'dorm',732,'ZALGO',10,'TRUE',11);
INSERT INTO "Listing" VALUES (125,'9617 Bluejay Place','10/6/2021',494,'dorm',2428,'test ',3,'TRUE',36);
INSERT INTO "Listing" VALUES (126,'60633 Lakewood Point','12/15/2021',24,'apartment',1374,'-$1.00',9,'FALSE',37);
INSERT INTO "Listing" VALUES (127,'49709 Muir Junction','10/17/2021',16,'apartment',1915,'',11,'TRUE',38);
INSERT INTO "Listing" VALUES (128,'7832 Mandrake Alley','10/7/2021',45,'apartment',1494,'',12,'TRUE',3);
INSERT INTO "Listing" VALUES (129,'697 Maryland Court','8/14/2021',165,'dorm',2331,'0 1 2 3 4 5 6 7 8 9 ',5,'TRUE',6);
INSERT INTO "Listing" VALUES (130,'65 Redwing Alley','10/6/2021',205,'dorm',2037,'   ',11,'TRUE',21);
INSERT INTO "Listing" VALUES (131,'260 Eliot Trail','10/15/2021',186,'apartment',2408,'()',9,'FALSE',35);
INSERT INTO "Listing" VALUES (132,'7 Fairview Street','11/1/2021',424,'dorm',880,'',12,'FALSE',10);
INSERT INTO "Listing" VALUES (133,'2 Gale Avenue','10/3/2021',426,'apartment',1270,'ZALGO',NULL,'TRUE',40);
INSERT INTO "Listing" VALUES (134,'21420 Chive Avenue','11/23/2021',354,'dorm',1863,'"''''''''"''"',NULL,'FALSE',24);
INSERT INTO "Listing" VALUES (135,'74 Garrison Terrace','10/28/2021',360,'apartment',2284,'1.00',2,'FALSE',33);
INSERT INTO "Listing" VALUES (136,'21 Dennis Center','12/23/2021',368,'dorm',559,'/dev/null; touch /tmp/blns.fail ; echo',7,'FALSE',18);
INSERT INTO "Listing" VALUES (137,'63 Butterfield Alley','11/17/2021',434,'dorm',1094,'',6,'TRUE',36);
INSERT INTO "Listing" VALUES (138,'800 Magdeline Pass','12/20/2021',272,'dorm',504,'',12,'TRUE',20);
INSERT INTO "Listing" VALUES (139,'54 Utah Place','9/14/2021',260,'dorm',709,NULL,2,'FALSE',20);
INSERT INTO "Listing" VALUES (140,'88160 Northview Court','10/24/2021',275,'apartment',2584,'-1E+02',7,'TRUE',18);
INSERT INTO "Listing" VALUES (141,'4733 International Drive','10/10/2021',194,'apartment',546,'',4,'TRUE',36);
INSERT INTO "Listing" VALUES (142,'81719 Kenwood Plaza','8/30/2021',300,'apartment',730,'',8,'FALSE',8);
INSERT INTO "Listing" VALUES (143,'8 Ramsey Point','12/12/2021',482,'dorm',2723,'',9,'TRUE',19);
INSERT INTO "Listing" VALUES (144,'8 Rockefeller Place',NULL,295,'apartment',980,'1',2,'FALSE',24);
INSERT INTO "Listing" VALUES (145,'29 Melrose Way','10/10/2021',402,'apartment',2083,'',7,'TRUE',10);
INSERT INTO "Listing" VALUES (146,'60 International Junction','9/1/2021',267,'dorm',2140,'():*:',NULL,'TRUE',8);
INSERT INTO "Listing" VALUES (147,'1245 Pearson Way','9/25/2021',301,'dorm',785,'null',2,'TRUE',30);
INSERT INTO "Listing" VALUES (148,'96062 Mesta Junction','10/24/2021',113,'dorm',663,'""',4,'TRUE',13);
INSERT INTO "Listing" VALUES (149,'781 Starling Alley','11/18/2021',209,'dorm',854,'<svg><script>0<1>alert(''XSS'')</script>',2,'FALSE',29);
INSERT INTO "Listing" VALUES (150,'49 Division Circle','12/2/2021',234,'dorm',1717,'-1E+02',4,'FALSE',1);
INSERT INTO "Listing" VALUES (151,'9230 Golden Leaf Street','9/5/2021',43,'dorm',624,'test',3,'TRUE',26);
INSERT INTO "Listing" VALUES (152,'51253 Truax Junction','10/17/2021',28,'dorm',605,',  ,  ,  ',6,'TRUE',22);
INSERT INTO "Listing" VALUES (153,'6 Mayfield Plaza','11/18/2021',373,'apartment',989,' ',10,'TRUE',27);
INSERT INTO "Listing" VALUES (154,'66270 Ohio Alley','10/25/2021',195,'apartment',1020,'',3,'FALSE',18);
INSERT INTO "Listing" VALUES (155,'332 Commercial Parkway','8/29/2021',59,'dorm',2668,NULL,2,'TRUE',2);
INSERT INTO "Listing" VALUES (156,'9227 Sage Crossing','9/30/2021',308,'dorm',1250,'/dev/null; touch /tmp/blns.fail ; echo',5,'TRUE',27);
INSERT INTO "Listing" VALUES (157,'79 Coolidge Parkway','12/21/2021',468,'dorm',2725,'''',8,'TRUE',34);
INSERT INTO "Listing" VALUES (158,'54 Texas Lane','11/24/2021',167,'apartment',1171,'testtest',NULL,'TRUE',2);
INSERT INTO "Listing" VALUES (159,'863 Sunnyside Avenue','9/10/2021',319,'dorm',2885,NULL,6,'TRUE',26);
INSERT INTO "Listing" VALUES (160,'22 Jackson Way','10/21/2021',17,'dorm',2795,'/dev/null; touch /tmp/blns.fail ; echo',10,'TRUE',36);
INSERT INTO "Listing" VALUES (161,'69412 Clemons Place','10/16/2021',474,'apartment',2130,'`',NULL,'TRUE',13);
INSERT INTO "Listing" VALUES (162,'535 Kenwood Place','9/8/2021',56,'dorm',1085,'',8,'FALSE',31);
INSERT INTO "Listing" VALUES (163,'9 Comanche Lane','10/18/2021',368,'dorm',707,'test',9,'FALSE',1);
INSERT INTO "Listing" VALUES (164,'53 Rutledge Plaza','12/19/2021',147,'dorm',1282,'',4,'FALSE',11);
INSERT INTO "Listing" VALUES (165,'44 Carpenter Center','12/4/2021',410,'dorm',2023,NULL,9,'FALSE',5);
INSERT INTO "Listing" VALUES (166,'2662 Florence Plaza','11/17/2021',91,'apartment',1884,'',8,'TRUE',22);
INSERT INTO "Listing" VALUES (167,'58838 Sloan Plaza','11/5/2021',272,'apartment',1236,',  ,  ,  ',12,'TRUE',4);
INSERT INTO "Listing" VALUES (168,'9487 Green Avenue','11/20/2021',13,'dorm',1857,'-$1.00',10,'TRUE',19);
INSERT INTO "Listing" VALUES (169,'5 Rockefeller Place','11/22/2021',17,'dorm',2311,'   ,    .     .   -  .    ,    ,     .',NULL,'TRUE',12);
INSERT INTO "Listing" VALUES (170,'674 Mariners Cove Parkway','12/2/2021',428,'apartment',1271,'',3,'TRUE',11);
INSERT INTO "Listing" VALUES (171,'6007 Dennis Center','10/5/2021',315,'dorm',1906,'<script>alert(''hi'')</script>',NULL,'TRUE',37);
INSERT INTO "Listing" VALUES (172,'9 Upham Center','10/25/2021',134,'dorm',2106,NULL,10,'TRUE',25);
INSERT INTO "Listing" VALUES (173,'20111 Waywood Alley','11/2/2021',204,'apartment',985,'1E+02',11,'FALSE',14);
INSERT INTO "Listing" VALUES (174,'223 Sachs Avenue','8/11/2021',232,'dorm',579,'',9,'FALSE',5);
INSERT INTO "Listing" VALUES (175,'643 Orin Park',NULL,125,'dorm',665,'`',4,'TRUE',18);
INSERT INTO "Listing" VALUES (176,'36298 Hooker Place','11/25/2021',177,'apartment',2931,'$1.00',12,'TRUE',17);
INSERT INTO "Listing" VALUES (177,'3282 Hoard Drive','10/22/2021',38,'dorm',1082,'''"''',12,'TRUE',37);
INSERT INTO "Listing" VALUES (178,'3053 Union Park','10/30/2021',270,'apartment',1455,NULL,8,'TRUE',24);
INSERT INTO "Listing" VALUES (179,'67 Leroy Road','8/11/2021',56,'apartment',1437,NULL,5,'FALSE',14);
INSERT INTO "Listing" VALUES (180,'15 Bobwhite Park','9/12/2021',385,'apartment',1692,'():*:',11,'TRUE',8);
INSERT INTO "Listing" VALUES (181,'032 Banding Avenue','8/1/2021',37,'dorm',633,',:*:(    ):*:',1,'FALSE',6);
INSERT INTO "Listing" VALUES (182,'739 Lakewood Terrace','10/8/2021',270,'apartment',641,'',NULL,'FALSE',40);
INSERT INTO "Listing" VALUES (183,'64073 Bunker Hill Lane','9/29/2021',13,'apartment',1309,NULL,NULL,'FALSE',32);
INSERT INTO "Listing" VALUES (184,'9 Prairieview Circle','8/9/2021',387,'apartment',938,'() { 0; }; touch /tmp/blns.shellshock1.fail;',2,'FALSE',32);
INSERT INTO "Listing" VALUES (185,'1 Nelson Place','10/21/2021',336,'apartment',1840,'',11,'TRUE',14);
INSERT INTO "Listing" VALUES (186,'287 Mendota Drive','11/26/2021',45,'apartment',920,NULL,8,'TRUE',6);
INSERT INTO "Listing" VALUES (187,'71218 Sunfield Circle','8/7/2021',104,'dorm',2341,' ',4,'FALSE',34);
INSERT INTO "Listing" VALUES (188,'66 Killdeer Circle','12/1/2021',266,'apartment',1590,NULL,9,'TRUE',11);
INSERT INTO "Listing" VALUES (189,'1822 Village Pass','8/29/2021',123,'dorm',2815,'',5,'TRUE',28);
INSERT INTO "Listing" VALUES (190,'71823 Prairieview Center','8/9/2021',113,'apartment',1436,'1E+02',NULL,'FALSE',12);
INSERT INTO "Listing" VALUES (191,'9 Kropf Circle','12/25/2021',203,'apartment',2192,'999999999999999999999999999999999999999999999999999999999999999999999999999999999999999999999999',3,'TRUE',22);
INSERT INTO "Listing" VALUES (192,'59231 Sauthoff Street','10/15/2021',92,'dorm',498,'   ',3,'TRUE',11);
INSERT INTO "Listing" VALUES (193,'89694 Annamark Way','12/1/2021',147,'dorm',932,'123',7,'TRUE',13);
INSERT INTO "Listing" VALUES (194,'39 Rusk Point','10/23/2021',156,'apartment',1689,NULL,8,'TRUE',2);
INSERT INTO "Listing" VALUES (195,'62112 Pankratz Terrace','12/19/2021',61,'apartment',2020,'$1.00',3,'FALSE',21);
INSERT INTO "Listing" VALUES (196,'3 Novick Parkway','9/12/2021',395,'apartment',651,NULL,4,'FALSE',36);
INSERT INTO "Listing" VALUES (197,'627 Lotheville Trail','8/22/2021',200,'dorm',1988,'(  )',NULL,'TRUE',31);
INSERT INTO "Listing" VALUES (198,'9221 Glendale Crossing','10/14/2021',119,'apartment',2705,NULL,1,'TRUE',37);
INSERT INTO "Listing" VALUES (199,'8886 Londonderry Circle','12/11/2021',58,'dorm',1544,NULL,3,'FALSE',12);
INSERT INTO "Listing" VALUES (200,'73096 Southridge Terrace','9/12/2021',297,'apartment',1244,'',4,'TRUE',32);
INSERT INTO "Listing" VALUES (201,'57 Morrow Crossing','11/13/2021',433,'apartment',1374,'   ,    .     .   -  .    ,    ,     .',10,'TRUE',17);
INSERT INTO "Listing" VALUES (202,'21 Cardinal Avenue','8/22/2021',417,'dorm',2600,'-$1.00',12,'TRUE',12);
INSERT INTO "Listing" VALUES (203,'8889 Grover Court','12/2/2021',376,'apartment',2658,'',2,'FALSE',1);
INSERT INTO "Listing" VALUES (204,'58029 Browning Street','12/20/2021',115,'dorm',1332,'() { 0; }; touch /tmp/blns.shellshock1.fail;',NULL,'TRUE',7);
INSERT INTO "Listing" VALUES (205,'038 Manley Hill','11/27/2021',56,'dorm',1895,'ZALGO',3,'FALSE',16);
INSERT INTO "Listing" VALUES (206,'55 Maywood Junction','11/2/2021',428,'dorm',1543,'0/0',5,'TRUE',30);
INSERT INTO "Listing" VALUES (207,'76 Dakota Park','8/13/2021',369,'apartment',1729,'NIL',2,'TRUE',29);
INSERT INTO "Listing" VALUES (208,'2356 Prairie Rose Junction','8/3/2021',84,'dorm',2312,',  ,  ,  ',4,'TRUE',35);
INSERT INTO "Listing" VALUES (209,'9 North Trail','9/25/2021',155,'apartment',2429,'1',9,'FALSE',29);
INSERT INTO "Listing" VALUES (210,'271 Old Shore Alley','9/24/2021',317,'dorm',1165,'(',NULL,'FALSE',23);
INSERT INTO "Listing" VALUES (211,'23 Manitowish Crossing','12/30/2021',32,'apartment',2338,'( )',8,'FALSE',10);
INSERT INTO "Listing" VALUES (212,'70 Sage Terrace','11/26/2021',310,'dorm',2421,'<>?:"{}|_+',1,'FALSE',9);
INSERT INTO "Listing" VALUES (213,'36 Oak Valley Parkway','10/4/2021',313,'dorm',1759,'nil',9,'TRUE',11);
INSERT INTO "Listing" VALUES (214,'0715 Briar Crest Plaza','10/13/2021',223,'dorm',2541,NULL,9,'TRUE',30);
INSERT INTO "Listing" VALUES (215,'15 Merchant Terrace',NULL,378,'dorm',550,NULL,7,'FALSE',2);
INSERT INTO "Listing" VALUES (216,'0 Stuart Pass','12/25/2021',125,'apartment',527,NULL,12,'TRUE',24);
INSERT INTO "Listing" VALUES (217,'007 Steensland Plaza','9/13/2021',12,'apartment',2622,'       ',12,'TRUE',15);
INSERT INTO "Listing" VALUES (218,'26 Jay Alley','12/24/2021',291,'apartment',1290,'',4,'TRUE',3);
INSERT INTO "Listing" VALUES (219,'66 Gale Drive','11/19/2021',161,'dorm',2860,NULL,3,'TRUE',28);
INSERT INTO "Listing" VALUES (220,'65 Kingsford Circle','9/10/2021',251,'dorm',2212,'<>?:"{}|_+',4,'FALSE',17);
INSERT INTO "Listing" VALUES (221,'6 Vermont Avenue','12/3/2021',109,'apartment',1133,'test ',8,'FALSE',2);
INSERT INTO "Listing" VALUES (222,'76 Park Meadow Way','12/1/2021',219,'dorm',965,'1.00',6,'FALSE',29);
INSERT INTO "Listing" VALUES (223,'69 Rutledge Alley','9/12/2021',156,'dorm',849,'null',4,'TRUE',25);
INSERT INTO "Listing" VALUES (224,'54472 Sunfield Alley','10/29/2021',394,'apartment',2599,NULL,NULL,'TRUE',30);
INSERT INTO "Listing" VALUES (225,'10 Norway Maple Street','10/7/2021',421,'dorm',1298,'The Nezperdian hive-mind of chaos. Zalgo.',10,'FALSE',6);
INSERT INTO "Listing" VALUES (226,'84 Shasta Point','8/7/2021',238,'apartment',1601,'',NULL,'FALSE',23);
INSERT INTO "Listing" VALUES (227,'2890 Fallview Pass','9/22/2021',157,'dorm',2394,',:*:(    ):*:',NULL,'TRUE',16);
INSERT INTO "Listing" VALUES (228,'9613 Vidon Parkway','9/13/2021',350,'apartment',953,NULL,12,'TRUE',14);
INSERT INTO "Listing" VALUES (229,'76980 Golf Course Lane','12/20/2021',252,'apartment',803,'',6,'TRUE',20);
INSERT INTO "Listing" VALUES (230,'0 Erie Crossing','10/10/2021',435,'dorm',1221,NULL,8,'FALSE',23);
INSERT INTO "Listing" VALUES (231,'43 Saint Paul Terrace','9/8/2021',103,'apartment',1469,'() { 0; }; touch /tmp/blns.shellshock1.fail;',9,'TRUE',37);
INSERT INTO "Listing" VALUES (232,'000 School Point','9/21/2021',163,'apartment',1457,'',5,'FALSE',3);
INSERT INTO "Listing" VALUES (233,'80389 Harbort Parkway','11/19/2021',280,'apartment',850,'',9,'TRUE',37);
INSERT INTO "Listing" VALUES (234,'6 Summerview Center','9/8/2021',342,'apartment',1295,'',6,'TRUE',20);
INSERT INTO "Listing" VALUES (235,'281 Bonner Plaza','9/8/2021',266,'apartment',1135,NULL,6,'TRUE',25);
INSERT INTO "Listing" VALUES (236,'40688 David Crossing','8/22/2021',302,'dorm',836,'0/0',9,'FALSE',11);
INSERT INTO "Listing" VALUES (237,'799 Lakewood Gardens Pass','8/7/2021',442,'dorm',2744,'test ',NULL,'TRUE',26);
INSERT INTO "Listing" VALUES (238,'54244 Sullivan Drive','12/5/2021',177,'dorm',2107,'test',7,'FALSE',14);
INSERT INTO "Listing" VALUES (239,'67 John Wall Place',NULL,202,'dorm',772,NULL,1,'FALSE',18);
INSERT INTO "Listing" VALUES (240,'0 Hovde Lane','11/22/2021',261,'apartment',2906,NULL,6,'FALSE',32);
INSERT INTO "Listing" VALUES (241,'86 Susan Lane','12/6/2021',361,'dorm',832,'123',7,'FALSE',20);
INSERT INTO "Listing" VALUES (242,'6 Del Mar Street','9/22/2021',468,'dorm',2009,'0 1 2 3 4 5 6 7 8 9 ',2,'FALSE',34);
INSERT INTO "Listing" VALUES (243,'5107 Acker Parkway','11/9/2021',309,'apartment',2200,' ',9,'TRUE',38);
INSERT INTO "Listing" VALUES (244,'69 Tony Street','10/21/2021',276,'dorm',850,'1E+02',1,'TRUE',32);
INSERT INTO "Listing" VALUES (245,'392 Tomscot Parkway','11/25/2021',281,'apartment',1131,NULL,NULL,'TRUE',15);
INSERT INTO "Listing" VALUES (246,'295 Algoma Trail','12/29/2021',215,'apartment',650,'The Nezperdian hive-mind of chaos. Zalgo.',1,'TRUE',6);
INSERT INTO "Listing" VALUES (247,'20278 8th Pass',NULL,448,'apartment',2509,'<svg><script>0<1>alert(''XSS'')</script>',3,'TRUE',33);
INSERT INTO "Listing" VALUES (248,'50470 Schurz Point','10/31/2021',257,'apartment',870,'',9,'FALSE',34);
INSERT INTO "Listing" VALUES (249,'84 Cardinal Plaza','12/26/2021',92,'dorm',2922,'<svg><script>0<1>alert(''XSS'')</script>',8,'FALSE',22);
INSERT INTO "Listing" VALUES (250,'0 Sycamore Parkway','9/30/2021',123,'apartment',2575,'-1',4,'FALSE',34);
INSERT INTO "Listing" VALUES (251,'4 Del Mar Road','8/20/2021',98,'apartment',2175,'',3,'TRUE',8);
INSERT INTO "Listing" VALUES (252,'8000 Shelley Alley','8/28/2021',107,'dorm',695,'',1,'TRUE',10);
INSERT INTO "Listing" VALUES (253,'923 Hovde Plaza','11/17/2021',237,'apartment',910,'-1',8,'FALSE',9);
INSERT INTO "Listing" VALUES (254,'4185 Londonderry Way','12/14/2021',310,'dorm',2215,'1E+02',9,'TRUE',26);
INSERT INTO "Listing" VALUES (255,'2234 Stephen Terrace','10/14/2021',295,'apartment',1410,'1',12,'FALSE',20);
INSERT INTO "Listing" VALUES (256,'0 Graedel Way','11/21/2021',445,'apartment',1636,NULL,9,'TRUE',16);
INSERT INTO "Listing" VALUES (257,'57 Redwing Center','8/4/2021',344,'dorm',2480,NULL,4,'TRUE',26);
INSERT INTO "Listing" VALUES (258,'51 Lawn Crossing','12/10/2021',417,'dorm',2938,'test',11,'FALSE',34);
INSERT INTO "Listing" VALUES (259,'22800 Mandrake Way','12/21/2021',140,'dorm',447,'-1/2',1,'FALSE',4);
INSERT INTO "Listing" VALUES (260,'274 Eastwood Hill','9/20/2021',232,'apartment',2106,'     ',6,'TRUE',1);
INSERT INTO "Listing" VALUES (261,'388 Judy Drive','11/19/2021',296,'apartment',764,'',3,'TRUE',8);
INSERT INTO "Listing" VALUES (262,'6149 Fallview Avenue','8/15/2021',55,'apartment',1398,NULL,NULL,'FALSE',2);
INSERT INTO "Listing" VALUES (263,'8 Shopko Way','9/12/2021',230,'dorm',910,NULL,9,'FALSE',23);
INSERT INTO "Listing" VALUES (264,'2 Merrick Street','10/29/2021',421,'dorm',2343,NULL,7,'TRUE',39);
INSERT INTO "Listing" VALUES (265,'41 Hazelcrest Junction','10/14/2021',451,'dorm',1109,NULL,7,'FALSE',32);
INSERT INTO "Listing" VALUES (266,'39 Toban Avenue','11/5/2021',325,'apartment',2761,'"''"''"''''''''"',4,'TRUE',22);
INSERT INTO "Listing" VALUES (267,'846 Debs Avenue','12/3/2021',299,'dorm',997,'',4,'FALSE',19);
INSERT INTO "Listing" VALUES (268,'9 Luster Plaza','9/22/2021',455,'apartment',2907,NULL,3,'TRUE',37);
INSERT INTO "Listing" VALUES (269,'32 Prentice Street','11/8/2021',194,'apartment',1927,'0 1 2 3 4 5 6 7 8 9 ',11,'FALSE',11);
INSERT INTO "Listing" VALUES (270,'638 Bayside Parkway','8/30/2021',228,'apartment',830,NULL,5,'FALSE',17);
INSERT INTO "Listing" VALUES (271,'88497 Debs Street','8/18/2021',326,'dorm',2481,'',11,'TRUE',11);
INSERT INTO "Listing" VALUES (272,'91 4th Street','11/14/2021',162,'dorm',2866,'',9,'TRUE',26);
INSERT INTO "Listing" VALUES (273,'63504 Jenifer Place','9/25/2021',106,'apartment',2174,'test',7,'TRUE',34);
INSERT INTO "Listing" VALUES (274,'2763 Lillian Crossing','9/18/2021',238,'apartment',451,'():*:',7,'TRUE',29);
INSERT INTO "Listing" VALUES (275,'159 Kingsford Avenue','10/6/2021',36,'apartment',1805,'',4,'TRUE',1);
INSERT INTO "Listing" VALUES (276,'43084 Eastwood Court','10/25/2021',455,'dorm',1696,NULL,3,'TRUE',37);
INSERT INTO "Listing" VALUES (277,'2 Southridge Court','10/31/2021',259,'apartment',2346,'He who Waits Behind The Wall.',11,'FALSE',27);
INSERT INTO "Listing" VALUES (278,'790 Stuart Terrace',NULL,40,'apartment',1093,NULL,1,'FALSE',33);
INSERT INTO "Listing" VALUES (279,'340 Westport Pass','9/8/2021',93,'dorm',468,NULL,3,'TRUE',24);
INSERT INTO "Listing" VALUES (280,'6013 Susan Trail','11/16/2021',184,'dorm',721,'-1E+02',NULL,'TRUE',23);
INSERT INTO "Listing" VALUES (281,'40 Mifflin Plaza','12/8/2021',375,'apartment',2479,'''''',9,'FALSE',9);
INSERT INTO "Listing" VALUES (282,'0 Iowa Parkway','12/25/2021',450,'apartment',1497,NULL,NULL,'FALSE',8);
INSERT INTO "Listing" VALUES (283,'553 Main Junction','9/23/2021',91,'apartment',2090,'',4,'FALSE',16);
INSERT INTO "Listing" VALUES (284,'78216 Homewood Road','10/30/2021',140,'apartment',1048,'( ',7,'TRUE',29);
INSERT INTO "Listing" VALUES (285,'343 Pawling Way','10/10/2021',104,'dorm',1536,'<>?:"{}|_+',3,'TRUE',2);
INSERT INTO "Listing" VALUES (286,'67508 3rd Crossing',NULL,343,'dorm',1380,'__(,_,*)',NULL,'TRUE',38);
INSERT INTO "Listing" VALUES (287,'65507 Dapin Hill','8/6/2021',133,'apartment',2011,'',5,'FALSE',11);
INSERT INTO "Listing" VALUES (288,'789 Forster Crossing','11/10/2021',319,'dorm',1800,NULL,6,'FALSE',23);
INSERT INTO "Listing" VALUES (289,'29 Nancy Center','11/28/2021',383,'apartment',2958,'',1,'TRUE',8);
INSERT INTO "Listing" VALUES (290,'2087 Shasta Hill','8/29/2021',420,'dorm',1348,'999999999999999999999999999999999999999999999999999999999999999999999999999999999999999999999999',8,'TRUE',8);
INSERT INTO "Listing" VALUES (291,'57361 Stone Corner Alley','11/9/2021',50,'apartment',1374,NULL,6,'FALSE',5);
INSERT INTO "Listing" VALUES (292,'64 Union Lane','10/12/2021',474,'apartment',1522,NULL,6,'FALSE',16);
INSERT INTO "Listing" VALUES (293,'059 Continental Terrace','12/6/2021',178,'apartment',1995,'testtest',8,'FALSE',38);
INSERT INTO "Listing" VALUES (294,'704 Northridge Road','10/26/2021',105,'apartment',565,'-1E+02',4,'FALSE',40);
INSERT INTO "Listing" VALUES (295,'873 Fordem Way','9/19/2021',172,'apartment',2366,NULL,NULL,'FALSE',5);
INSERT INTO "Listing" VALUES (296,'2 Corben Drive','12/20/2021',260,'dorm',2812,'',11,'TRUE',9);
INSERT INTO "Listing" VALUES (297,'22 Sloan Drive','11/14/2021',44,'dorm',1769,'__(,_,*)',11,'FALSE',7);
INSERT INTO "Listing" VALUES (298,'83 Maple Point','8/11/2021',21,'apartment',1111,'              ',2,'FALSE',10);
INSERT INTO "Listing" VALUES (299,'437 Glacier Hill Street','10/17/2021',222,'apartment',457,'1/2',6,'FALSE',28);
INSERT INTO "Listing" VALUES (300,'32757 Hooker Park','9/13/2021',368,'dorm',2220,NULL,7,'TRUE',36);
INSERT INTO "Listing" VALUES (301,'29102 Karstens Crossing','8/10/2021',180,'apartment',2235,'testtest',1,'FALSE',16);
INSERT INTO "Listing" VALUES (302,'3938 Hermina Crossing','12/29/2021',19,'dorm',2261,'',6,'FALSE',11);
INSERT INTO "Listing" VALUES (303,'9424 Scoville Parkway','8/4/2021',128,'apartment',1239,'''"''',2,'FALSE',5);
INSERT INTO "Listing" VALUES (304,'01132 Caliangt Park','8/20/2021',253,'apartment',1996,'1''; DROP TABLE users--',12,'TRUE',34);
INSERT INTO "Listing" VALUES (305,'88340 Brickson Park Center','11/30/2021',180,'apartment',2607,'../../../../../../../../../../../etc/hosts',NULL,'TRUE',17);
INSERT INTO "Listing" VALUES (306,'77649 Shasta Circle','12/29/2021',137,'apartment',2371,'',12,'FALSE',6);
INSERT INTO "Listing" VALUES (307,'801 Maple Wood Circle','10/10/2021',500,'dorm',834,'',10,'FALSE',30);
INSERT INTO "Listing" VALUES (308,'13019 South Circle','10/29/2021',185,'apartment',1234,NULL,11,'FALSE',31);
INSERT INTO "Listing" VALUES (309,'95618 Alpine Junction','9/29/2021',395,'apartment',2507,'',5,'TRUE',16);
INSERT INTO "Listing" VALUES (310,'3515 Kenwood Circle','8/1/2021',458,'dorm',1108,'123',11,'FALSE',1);
INSERT INTO "Listing" VALUES (311,'600 Porter Terrace','10/15/2021',170,'apartment',581,'../../../../../../../../../../../etc/passwd%00',NULL,'TRUE',28);
INSERT INTO "Listing" VALUES (312,'9 Toban Drive','12/12/2021',52,'apartment',2933,'',3,'TRUE',1);
INSERT INTO "Listing" VALUES (313,'99 Hanson Plaza','8/29/2021',306,'apartment',739,'-$1.00',3,'TRUE',5);
INSERT INTO "Listing" VALUES (314,'1134 Oak Parkway','12/23/2021',182,'dorm',1666,'() { 0; }; touch /tmp/blns.shellshock1.fail;',8,'TRUE',8);
INSERT INTO "Listing" VALUES (315,'66 Jana Alley','9/10/2021',282,'dorm',984,NULL,5,'TRUE',34);
INSERT INTO "Listing" VALUES (316,'96 Harbort Way','12/19/2021',463,'dorm',2329,'<script>alert(''hi'')</script>',NULL,'TRUE',16);
INSERT INTO "Listing" VALUES (317,'156 Ryan Way','10/16/2021',200,'dorm',634,'',6,'TRUE',10);
INSERT INTO "Listing" VALUES (318,'697 Del Sol Drive','12/22/2021',78,'dorm',1864,'',12,'TRUE',21);
INSERT INTO "Listing" VALUES (319,'4288 Lindbergh Point','12/13/2021',420,'dorm',2846,NULL,NULL,'FALSE',15);
INSERT INTO "Listing" VALUES (320,'5603 Melby Way','9/30/2021',11,'dorm',610,'              ',3,'TRUE',5);
INSERT INTO "Listing" VALUES (321,'17536 Veith Hill','10/19/2021',201,'apartment',592,'',5,'FALSE',24);
INSERT INTO "Listing" VALUES (322,'42844 Dwight Drive','12/13/2021',123,'dorm',2188,'',1,'TRUE',1);
INSERT INTO "Listing" VALUES (323,'76895 Rusk Place','10/2/2021',325,'apartment',2738,'',5,'TRUE',16);
INSERT INTO "Listing" VALUES (324,'30722 Elka Avenue','10/21/2021',300,'apartment',2419,'nbl u olop  oql n unppu od posn op ps ''l usdp nsuo '' s olop nsd o',6,'FALSE',33);
INSERT INTO "Listing" VALUES (325,'51285 Hansons Hill','8/13/2021',46,'apartment',1593,'test',3,'TRUE',29);
INSERT INTO "Listing" VALUES (326,'0 Morning Trail','11/21/2021',225,'dorm',2259,'',7,'FALSE',24);
INSERT INTO "Listing" VALUES (327,'50979 Talisman Circle','8/14/2021',67,'dorm',2390,NULL,8,'TRUE',37);
INSERT INTO "Listing" VALUES (328,'35691 Spaight Trail','8/28/2021',293,'apartment',2822,'',12,'TRUE',25);
INSERT INTO "Listing" VALUES (329,'75 Independence Lane','11/12/2021',70,'dorm',1641,'''',10,'TRUE',15);
INSERT INTO "Listing" VALUES (330,'6693 Algoma Alley','9/3/2021',164,'apartment',2328,'1',2,'TRUE',4);
INSERT INTO "Listing" VALUES (331,'398 Burning Wood Pass','8/14/2021',407,'apartment',2215,'(',NULL,'FALSE',16);
INSERT INTO "Listing" VALUES (332,'85172 Luster Park','12/9/2021',112,'dorm',2282,'-1E+02',NULL,'FALSE',14);
INSERT INTO "Listing" VALUES (333,'4220 Roxbury Junction','10/14/2021',255,'apartment',1058,'123',6,'TRUE',28);
INSERT INTO "Listing" VALUES (334,'2 Golden Leaf Parkway',NULL,123,'apartment',992,'       ',11,'FALSE',7);
INSERT INTO "Listing" VALUES (335,'47197 Laurel Road','11/4/2021',119,'dorm',2242,'',6,'FALSE',28);
INSERT INTO "Listing" VALUES (336,'2 Nova Park','12/24/2021',369,'apartment',2870,'',11,'TRUE',11);
INSERT INTO "Listing" VALUES (337,'06 Dovetail Place','9/11/2021',196,'dorm',1624,'!@#$%^&*()',1,'FALSE',3);
INSERT INTO "Listing" VALUES (338,'753 Onsgard Park','9/2/2021',189,'apartment',1695,NULL,6,'TRUE',21);
INSERT INTO "Listing" VALUES (339,'443 David Plaza','9/28/2021',163,'apartment',2334,'(  )',10,'FALSE',32);
INSERT INTO "Listing" VALUES (340,'4588 Forest Dale Road','8/18/2021',257,'apartment',2953,'       ',10,'TRUE',32);
INSERT INTO "Listing" VALUES (341,'031 Westend Parkway','8/23/2021',292,'dorm',1117,NULL,1,'FALSE',20);
INSERT INTO "Listing" VALUES (342,'4 Fisk Crossing','11/12/2021',251,'apartment',577,'''',11,'TRUE',19);
INSERT INTO "Listing" VALUES (343,'15 Acker Way','9/7/2021',233,'dorm',2069,'-1E+02',11,'FALSE',10);
INSERT INTO "Listing" VALUES (344,'29 Anzinger Trail','12/25/2021',13,'apartment',2540,'',3,'FALSE',11);
INSERT INTO "Listing" VALUES (345,'89 Monterey Alley','12/12/2021',11,'apartment',1659,'( ',8,'FALSE',16);
INSERT INTO "Listing" VALUES (346,'243 Cottonwood Point','12/15/2021',71,'dorm',2333,'-1E+02',2,'FALSE',35);
INSERT INTO "Listing" VALUES (347,'43455 Portage Trail','10/23/2021',110,'dorm',1415,'1E+02',1,'TRUE',8);
INSERT INTO "Listing" VALUES (348,'79806 Truax Park','10/9/2021',94,'dorm',1100,'"''"''"''''''''"',11,'FALSE',10);
INSERT INTO "Listing" VALUES (349,'8143 Mockingbird Plaza','9/13/2021',223,'dorm',817,'/dev/null; touch /tmp/blns.fail ; echo',5,'TRUE',37);
INSERT INTO "Listing" VALUES (350,'270 Grover Pass','8/26/2021',14,'apartment',2984,NULL,6,'TRUE',25);
INSERT INTO "Listing" VALUES (351,'0 Lyons Parkway','12/20/2021',497,'apartment',2801,'test',3,'FALSE',7);
INSERT INTO "Listing" VALUES (352,'8516 Oak Valley Pass','9/6/2021',38,'apartment',2040,'../../../../../../../../../../../etc/passwd%00',6,'FALSE',3);
INSERT INTO "Listing" VALUES (353,'597 Northview Alley','10/17/2021',279,'dorm',1098,'1/0',10,'FALSE',40);
INSERT INTO "Listing" VALUES (354,'8 Northport Parkway','12/10/2021',341,'dorm',2934,'',10,'TRUE',4);
INSERT INTO "Listing" VALUES (355,'35410 Manley Trail',NULL,396,'dorm',1406,NULL,8,'TRUE',17);
INSERT INTO "Listing" VALUES (356,'671 Little Fleur Drive','12/25/2021',225,'dorm',1946,'NULL',5,'TRUE',27);
INSERT INTO "Listing" VALUES (357,'3 Declaration Crossing','8/24/2021',213,'apartment',2154,'():*:',10,'FALSE',2);
INSERT INTO "Listing" VALUES (358,'1271 Bunker Hill Way','10/15/2021',417,'apartment',776,'-1.00',7,'FALSE',4);
INSERT INTO "Listing" VALUES (359,'87 Boyd Park',NULL,202,'apartment',718,'',10,'FALSE',33);
INSERT INTO "Listing" VALUES (360,'19978 Sunnyside Drive','10/19/2021',364,'apartment',1865,NULL,8,'FALSE',26);
INSERT INTO "Listing" VALUES (361,'7771 Cottonwood Hill','11/23/2021',374,'apartment',756,NULL,9,'TRUE',30);
INSERT INTO "Listing" VALUES (362,'0473 Welch Pass','8/2/2021',329,'dorm',669,'   ',3,'TRUE',28);
INSERT INTO "Listing" VALUES (363,'130 Continental Junction','8/23/2021',398,'dorm',2841,'test',8,'TRUE',19);
INSERT INTO "Listing" VALUES (364,'325 Lakewood Center','12/14/2021',421,'dorm',735,'     ',4,'FALSE',36);
INSERT INTO "Listing" VALUES (365,'10 Utah Drive','8/21/2021',121,'apartment',1762,'999999999999999999999999999999999999999999999999999999999999999999999999999999999999999999999999',5,'FALSE',25);
INSERT INTO "Listing" VALUES (366,'8440 Leroy Court','8/6/2021',500,'apartment',1669,'!@#$%^&*()',7,'FALSE',17);
INSERT INTO "Listing" VALUES (367,'7089 Londonderry Center','12/25/2021',158,'apartment',2099,'',4,'TRUE',32);
INSERT INTO "Listing" VALUES (368,'23823 Ridge Oak Way','12/10/2021',16,'apartment',1205,'',3,'FALSE',17);
INSERT INTO "Listing" VALUES (369,'6075 West Alley','12/27/2021',272,'apartment',737,'',5,'FALSE',34);
INSERT INTO "Listing" VALUES (370,'21 Judy Parkway','8/5/2021',41,'dorm',1441,'1;DROP TABLE users',7,'TRUE',10);
INSERT INTO "Listing" VALUES (371,'025 Vera Alley','11/25/2021',482,'apartment',1317,'',10,'TRUE',6);
INSERT INTO "Listing" VALUES (372,'81 Lerdahl Circle','10/26/2021',337,'apartment',1210,NULL,12,'FALSE',16);
INSERT INTO "Listing" VALUES (373,'8 Mcbride Junction','9/23/2021',22,'dorm',2150,'       ',11,'FALSE',23);
INSERT INTO "Listing" VALUES (374,'36 Atwood Avenue','10/9/2021',344,'apartment',501,'ZALGO',NULL,'TRUE',18);
INSERT INTO "Listing" VALUES (375,'81 Northview Place','12/4/2021',58,'apartment',1506,'       ',11,'FALSE',36);
INSERT INTO "Listing" VALUES (376,'1884 Prairie Rose Crossing','10/23/2021',187,'apartment',899,NULL,10,'TRUE',3);
INSERT INTO "Listing" VALUES (377,'6 Clove Road','10/12/2021',164,'apartment',1206,'999999999999999999999999999999999999999999999999999999999999999999999999999999999999999999999999',10,'FALSE',10);
INSERT INTO "Listing" VALUES (378,'414 Gale Point','8/19/2021',249,'dorm',494,'',8,'TRUE',2);
INSERT INTO "Listing" VALUES (379,'0187 Northridge Street','9/12/2021',141,'apartment',753,'   ',3,'FALSE',16);
INSERT INTO "Listing" VALUES (380,'3482 Forster Point','9/25/2021',432,'apartment',2469,'   ,    .     .   -  .    ,    ,     .',9,'FALSE',30);
INSERT INTO "Listing" VALUES (381,'461 Dovetail Point','9/1/2021',127,'apartment',540,'<img src=x onerror=alert(''hi'') />',6,'TRUE',21);
INSERT INTO "Listing" VALUES (382,'58 Moland Parkway',NULL,443,'apartment',951,'-1.00',9,'TRUE',31);
INSERT INTO "Listing" VALUES (383,'4977 Spohn Place','9/30/2021',266,'dorm',1150,'null',9,'TRUE',35);
INSERT INTO "Listing" VALUES (384,'49 Shelley Road','8/16/2021',328,'dorm',1425,'',5,'TRUE',27);
INSERT INTO "Listing" VALUES (385,'71 Nobel Court','8/30/2021',94,'apartment',2715,'test',1,'FALSE',31);
INSERT INTO "Listing" VALUES (386,'8966 Fremont Road','12/30/2021',387,'dorm',1631,'../../../../../../../../../../../etc/passwd%00',7,'TRUE',12);
INSERT INTO "Listing" VALUES (387,'999 Kedzie Avenue','8/10/2021',51,'dorm',1668,'',NULL,'FALSE',4);
INSERT INTO "Listing" VALUES (388,'675 Shelley Lane','11/19/2021',190,'dorm',1203,'NIL',7,'FALSE',15);
INSERT INTO "Listing" VALUES (389,'5 Orin Street','9/17/2021',107,'dorm',1114,'',1,'FALSE',24);
INSERT INTO "Listing" VALUES (390,'051 Dahle Trail','12/13/2021',238,'apartment',1449,'( ',NULL,'FALSE',28);
INSERT INTO "Listing" VALUES (391,'01 Hayes Trail','9/7/2021',35,'dorm',603,'1E+02',8,'TRUE',39);
INSERT INTO "Listing" VALUES (392,'6278 Farmco Road','10/15/2021',466,'apartment',2027,'../../../../../../../../../../../etc/hosts',10,'TRUE',36);
INSERT INTO "Listing" VALUES (393,'06757 Hermina Place','12/18/2021',209,'apartment',2162,NULL,1,'FALSE',27);
INSERT INTO "Listing" VALUES (394,'6 Springview Center','11/15/2021',132,'apartment',1487,'',12,'TRUE',24);
INSERT INTO "Listing" VALUES (395,'4097 Chive Park','8/31/2021',310,'dorm',750,NULL,3,'FALSE',23);
INSERT INTO "Listing" VALUES (396,'0282 Delaware Alley','9/15/2021',239,'apartment',920,'',5,'TRUE',40);
INSERT INTO "Listing" VALUES (397,'78 Sachtjen Lane','9/22/2021',59,'apartment',1651,'( )',5,'TRUE',3);
INSERT INTO "Listing" VALUES (398,'183 Mcbride Junction',NULL,270,'dorm',692,'',6,'FALSE',3);
INSERT INTO "Listing" VALUES (399,'4 Commercial Circle','12/28/2021',121,'apartment',1136,'test',12,'FALSE',15);
INSERT INTO "Listing" VALUES (400,'4 Pearson Park','11/7/2021',270,'dorm',1956,'() { _; } >_[$($())] { touch /tmp/blns.shellshock2.fail; }',6,'TRUE',21);
INSERT INTO "Listing" VALUES (401,'9 Tennyson Drive','11/27/2021',493,'dorm',938,'999999999999999999999999999999999999999999999999999999999999999999999999999999999999999999999999',8,'TRUE',1);
INSERT INTO "Listing" VALUES (402,'14440 Calypso Place','9/21/2021',462,'apartment',1563,'-1E+02',9,'TRUE',28);
INSERT INTO "Listing" VALUES (403,'055 Portage Hill','9/26/2021',178,'dorm',557,'"''''''''"''"',10,'TRUE',17);
INSERT INTO "Listing" VALUES (404,'05859 Towne Court',NULL,413,'apartment',1025,'123',NULL,'FALSE',39);
INSERT INTO "Listing" VALUES (405,'0655 Farmco Court','11/10/2021',70,'dorm',1419,'',5,'FALSE',17);
INSERT INTO "Listing" VALUES (406,'74251 Scoville Pass','11/27/2021',178,'apartment',1471,'The Nezperdian hive-mind of chaos. Zalgo.',12,'TRUE',6);
INSERT INTO "Listing" VALUES (407,'0191 Mosinee Plaza','12/29/2021',397,'dorm',1552,'<script>alert(''hi'')</script>',2,'FALSE',33);
INSERT INTO "Listing" VALUES (408,'412 Lake View Parkway','9/28/2021',192,'apartment',1573,'-1/2',7,'FALSE',34);
INSERT INTO "Listing" VALUES (409,'404 Alpine Hill','8/8/2021',13,'dorm',512,'',NULL,'FALSE',20);
INSERT INTO "Listing" VALUES (410,'9 Dayton Alley','9/30/2021',301,'apartment',1466,'To invoke the hive-mind representing chaos.',12,'TRUE',34);
INSERT INTO "Listing" VALUES (411,'399 Ryan Road','12/28/2021',271,'dorm',1921,'-$1.00',1,'TRUE',30);
INSERT INTO "Listing" VALUES (412,'4780 Hanover Crossing','10/11/2021',28,'dorm',1355,'NULL',12,'TRUE',4);
INSERT INTO "Listing" VALUES (413,'8 Miller Circle','11/9/2021',67,'apartment',1643,'',4,'FALSE',1);
INSERT INTO "Listing" VALUES (414,'9110 Glacier Hill Road','10/30/2021',414,'apartment',1721,'''',2,'TRUE',34);
INSERT INTO "Listing" VALUES (415,'8 Pine View Place','12/3/2021',100,'apartment',442,'test',1,'TRUE',34);
INSERT INTO "Listing" VALUES (416,'361 Meadow Ridge Terrace','9/8/2021',127,'dorm',672,'(',2,'TRUE',15);
INSERT INTO "Listing" VALUES (417,'21 Memorial Center','12/24/2021',103,'dorm',907,'',8,'TRUE',17);
INSERT INTO "Listing" VALUES (418,'2 Trailsway Place','9/29/2021',171,'dorm',645,'"''''''''"''"',12,'TRUE',25);
INSERT INTO "Listing" VALUES (419,'3 Doe Crossing Junction','12/11/2021',341,'dorm',606,NULL,11,'FALSE',16);
INSERT INTO "Listing" VALUES (420,'2 Londonderry Way','8/16/2021',34,'dorm',1580,NULL,NULL,'TRUE',11);
INSERT INTO "Listing" VALUES (421,'8623 Clemons Pass','11/28/2021',127,'dorm',1600,'"''"''"''''''''"',5,'TRUE',2);
INSERT INTO "Listing" VALUES (422,'577 Rockefeller Court','11/11/2021',202,'dorm',781,'',9,'TRUE',33);
INSERT INTO "Listing" VALUES (423,'6 Service Circle','11/2/2021',175,'dorm',830,'',4,'TRUE',19);
INSERT INTO "Listing" VALUES (424,'0 Talisman Terrace','9/18/2021',445,'apartment',1926,NULL,9,'TRUE',11);
INSERT INTO "Listing" VALUES (425,'065 Roth Center','11/19/2021',191,'apartment',2044,'',10,'TRUE',12);
INSERT INTO "Listing" VALUES (426,'8088 Farmco Hill','10/17/2021',141,'apartment',2639,NULL,2,'FALSE',14);
INSERT INTO "Listing" VALUES (427,'99163 Ridgeway Point','12/1/2021',142,'dorm',1440,'<img src=x onerror=alert(''hi'') />',6,'TRUE',40);
INSERT INTO "Listing" VALUES (428,'61206 Vahlen Place','10/13/2021',397,'dorm',2055,'():*:',12,'FALSE',30);
INSERT INTO "Listing" VALUES (429,'0998 Aberg Hill','10/17/2021',105,'apartment',1586,'() { _; } >_[$($())] { touch /tmp/blns.shellshock2.fail; }',3,'FALSE',33);
INSERT INTO "Listing" VALUES (430,'6 Talmadge Hill','8/22/2021',13,'dorm',1064,'   ,    .     .   -  .    ,    ,     .',NULL,'FALSE',34);
INSERT INTO "Listing" VALUES (431,'95199 Blackbird Plaza','12/30/2021',71,'dorm',856,'',3,'FALSE',3);
INSERT INTO "Listing" VALUES (432,'739 Fair Oaks Hill',NULL,332,'dorm',2366,NULL,4,'FALSE',15);
INSERT INTO "Listing" VALUES (433,'01 Pine View Hill','12/15/2021',444,'apartment',2050,NULL,11,'TRUE',10);
INSERT INTO "Listing" VALUES (434,'9 Hoffman Trail','10/25/2021',296,'dorm',2036,'1E+02',3,'TRUE',20);
INSERT INTO "Listing" VALUES (435,'87828 Huxley Plaza','9/15/2021',108,'dorm',848,' ',6,'FALSE',27);
INSERT INTO "Listing" VALUES (436,'42 Mockingbird Hill',NULL,293,'dorm',1579,'',NULL,'FALSE',15);
INSERT INTO "Listing" VALUES (437,'056 Sommers Way','9/5/2021',421,'apartment',1362,'       ',8,'FALSE',18);
INSERT INTO "Listing" VALUES (438,'78387 Blackbird Alley',NULL,331,'apartment',663,'     ',5,'FALSE',23);
INSERT INTO "Listing" VALUES (439,'1 Linden Way','11/24/2021',184,'dorm',644,NULL,11,'TRUE',15);
INSERT INTO "Listing" VALUES (440,'6 Spaight Pass','12/20/2021',176,'apartment',1352,'-1E+02',NULL,'TRUE',19);
INSERT INTO "Listing" VALUES (441,'441 West Junction','10/10/2021',460,'apartment',2682,'"''"''"''''''''"',12,'FALSE',13);
INSERT INTO "Listing" VALUES (442,'1 Lotheville Terrace','8/13/2021',392,'apartment',2227,'',4,'TRUE',27);
INSERT INTO "Listing" VALUES (443,'75 Bartillon Place','12/11/2021',419,'dorm',1450,'     ',7,'TRUE',4);
INSERT INTO "Listing" VALUES (444,'175 Mayfield Alley',NULL,373,'apartment',2099,'123',6,'FALSE',16);
INSERT INTO "Listing" VALUES (445,'13109 Artisan Way','11/7/2021',131,'apartment',2016,NULL,2,'TRUE',9);
INSERT INTO "Listing" VALUES (446,'5 Dakota Alley','11/6/2021',382,'dorm',1165,'( )',3,'FALSE',15);
INSERT INTO "Listing" VALUES (447,'93 Texas Terrace','10/29/2021',458,'apartment',1136,'../../../../../../../../../../../etc/hosts',10,'TRUE',36);
INSERT INTO "Listing" VALUES (448,'04537 Scoville Junction','10/10/2021',436,'apartment',1765,'test',12,'FALSE',21);
INSERT INTO "Listing" VALUES (449,'1 Pawling Way','8/25/2021',197,'dorm',2517,'() { 0; }; touch /tmp/blns.shellshock1.fail;',12,'FALSE',21);
INSERT INTO "Listing" VALUES (450,'77 Butternut Plaza','10/25/2021',230,'apartment',1296,'../../../../../../../../../../../etc/passwd%00',1,'FALSE',17);
INSERT INTO "Listing" VALUES (451,'4280 Pine View Hill','12/14/2021',202,'apartment',679,'1',11,'TRUE',22);
INSERT INTO "Listing" VALUES (452,'2 Jana Street','9/26/2021',451,'apartment',2986,'''',7,'TRUE',22);
INSERT INTO "Listing" VALUES (453,'4 Portage Terrace','11/11/2021',95,'dorm',1409,'() { 0; }; touch /tmp/blns.shellshock1.fail;',7,'FALSE',31);
INSERT INTO "Listing" VALUES (454,'1 Oxford Terrace','11/27/2021',481,'apartment',1152,'123',8,'FALSE',4);
INSERT INTO "Listing" VALUES (455,'98342 Sunfield Trail','11/29/2021',94,'apartment',2946,NULL,12,'FALSE',24);
INSERT INTO "Listing" VALUES (456,'1 Walton Pass','12/12/2021',235,'apartment',707,'1/0',9,'TRUE',16);
INSERT INTO "Listing" VALUES (457,'447 Grayhawk Plaza','9/17/2021',89,'dorm',479,NULL,2,'TRUE',1);
INSERT INTO "Listing" VALUES (458,'9 Corben Drive','11/12/2021',360,'dorm',2428,'test',9,'FALSE',31);
INSERT INTO "Listing" VALUES (459,'25 Elka Park','9/30/2021',384,'dorm',2392,'',12,'TRUE',13);
INSERT INTO "Listing" VALUES (460,'07 Truax Center','8/12/2021',487,'apartment',1871,'null',10,'FALSE',10);
INSERT INTO "Listing" VALUES (461,'6560 Dennis Road','9/14/2021',117,'dorm',647,'',10,'FALSE',34);
INSERT INTO "Listing" VALUES (462,'357 Florence Crossing','11/23/2021',100,'apartment',469,'',9,'FALSE',1);
INSERT INTO "Listing" VALUES (463,'7274 Ryan Center','9/4/2021',327,'apartment',1045,'',10,'FALSE',36);
INSERT INTO "Listing" VALUES (464,'1280 Dixon Hill','9/4/2021',122,'dorm',1290,'-$1.00',11,'TRUE',8);
INSERT INTO "Listing" VALUES (465,'49 Banding Park','9/8/2021',310,'apartment',2196,NULL,4,'FALSE',34);
INSERT INTO "Listing" VALUES (466,'07 Reindahl Avenue','10/12/2021',68,'dorm',371,'(',1,'FALSE',39);
INSERT INTO "Listing" VALUES (467,'4358 Lien Center','10/26/2021',40,'dorm',1220,'',NULL,'TRUE',6);
INSERT INTO "Listing" VALUES (468,'38376 Sutteridge Crossing','8/15/2021',489,'apartment',1332,'1E+02',9,'TRUE',28);
INSERT INTO "Listing" VALUES (469,'51 Nelson Center',NULL,486,'apartment',705,NULL,2,'TRUE',14);
INSERT INTO "Listing" VALUES (470,'72279 Morningstar Alley','12/14/2021',236,'apartment',2538,'() { _; } >_[$($())] { touch /tmp/blns.shellshock2.fail; }',12,'TRUE',31);
INSERT INTO "Listing" VALUES (471,'18 Tomscot Junction','8/23/2021',310,'dorm',2002,'999999999999999999999999999999999999999999999999999999999999999999999999999999999999999999999999',11,'TRUE',27);
INSERT INTO "Listing" VALUES (472,'85220 Esch Plaza','9/26/2021',242,'apartment',1869,'',6,'FALSE',12);
INSERT INTO "Listing" VALUES (473,'89964 Westend Junction','9/15/2021',106,'apartment',1896,'NIL',11,'FALSE',24);
INSERT INTO "Listing" VALUES (474,'5 Charing Cross Junction','10/31/2021',177,'dorm',803,'__(,_,*)',11,'FALSE',23);
INSERT INTO "Listing" VALUES (475,'8 Sauthoff Street','10/20/2021',61,'apartment',2396,'',NULL,'FALSE',28);
INSERT INTO "Listing" VALUES (476,'967 Farmco Park','8/1/2021',199,'apartment',1154,'',2,'TRUE',35);
INSERT INTO "Listing" VALUES (477,'57956 Linden Plaza','10/19/2021',344,'apartment',1209,'',5,'TRUE',10);
INSERT INTO "Listing" VALUES (478,'01 Cody Alley','11/7/2021',130,'dorm',2944,NULL,2,'FALSE',22);
INSERT INTO "Listing" VALUES (479,'95649 Cherokee Parkway','11/14/2021',227,'apartment',2200,'testtest',NULL,'TRUE',35);
INSERT INTO "Listing" VALUES (480,'02 Dahle Hill','12/9/2021',176,'dorm',2456,'<img src=x onerror=alert(''hi'') />',9,'FALSE',8);
INSERT INTO "Listing" VALUES (481,'65 Barby Drive','12/15/2021',412,'apartment',1569,'',3,'TRUE',18);
INSERT INTO "Listing" VALUES (482,'3 Everett Lane','8/27/2021',342,'apartment',1641,'1E+02',NULL,'TRUE',34);
INSERT INTO "Listing" VALUES (483,'6098 Oakridge Point','11/24/2021',30,'apartment',1569,'../../../../../../../../../../../etc/passwd%00',5,'FALSE',22);
INSERT INTO "Listing" VALUES (484,'41887 Wayridge Park',NULL,429,'apartment',2336,',:*:(    ):*:',4,'FALSE',18);
INSERT INTO "Listing" VALUES (485,'95 Colorado Park','9/26/2021',412,'apartment',916,NULL,2,'TRUE',8);
INSERT INTO "Listing" VALUES (486,'440 Sutteridge Center','8/26/2021',308,'apartment',1134,' ',4,'FALSE',39);
INSERT INTO "Listing" VALUES (487,'3 Waubesa Parkway','10/21/2021',402,'dorm',1615,'1E+02',NULL,'TRUE',25);
INSERT INTO "Listing" VALUES (488,'87 Mcbride Place','10/24/2021',272,'dorm',834,NULL,8,'TRUE',35);
INSERT INTO "Listing" VALUES (489,'8823 Hoffman Terrace','12/8/2021',96,'dorm',1068,'',9,'TRUE',12);
INSERT INTO "Listing" VALUES (490,'4897 Laurel Terrace','8/7/2021',218,'dorm',2574,'   ',9,'FALSE',23);
INSERT INTO "Listing" VALUES (491,'07758 6th Lane',NULL,169,'apartment',2552,NULL,10,'FALSE',17);
INSERT INTO "Listing" VALUES (492,'6 Mayer Center',NULL,63,'apartment',645,'../../../../../../../../../../../etc/hosts',12,'FALSE',23);
INSERT INTO "Listing" VALUES (493,'281 Hagan Circle','12/28/2021',208,'dorm',1905,'0/0',8,'FALSE',2);
INSERT INTO "Listing" VALUES (494,'76 Logan Pass','12/20/2021',136,'dorm',2806,NULL,7,'TRUE',23);
INSERT INTO "Listing" VALUES (495,'37729 Jenifer Plaza','12/8/2021',171,'apartment',477,'!@#$%^&*()',11,'TRUE',4);
INSERT INTO "Listing" VALUES (496,'9788 Oak Park','8/11/2021',215,'dorm',850,'',6,'FALSE',34);
INSERT INTO "Listing" VALUES (497,'90 Golden Leaf Place','8/6/2021',63,'apartment',846,'''"''',NULL,'TRUE',27);
INSERT INTO "Listing" VALUES (498,'59028 Portage Point',NULL,461,'apartment',827,'-1',NULL,'FALSE',26);
INSERT INTO "Listing" VALUES (499,'678 Nelson Alley','8/12/2021',155,'apartment',1580,'(',12,'TRUE',6);
INSERT INTO "Listing" VALUES (500,'3710 Ridgeway Hill','9/8/2021',44,'dorm',1027,'()',NULL,'TRUE',31);
INSERT INTO "Rating" VALUES ('ely',2,3);
INSERT INTO "Rating" VALUES ('Bernard',1,4);
INSERT INTO "Rating" VALUES ('nradoux0',4,1);
INSERT INTO "Rating" VALUES ('nradoux0',5,2);
INSERT INTO "Rating" VALUES ('khoudmontk',7,4);
INSERT INTO "Rating" VALUES ('fbassilll',9,2);
INSERT INTO "Rating" VALUES ('hcrisfordm',10,2);
INSERT INTO "Rating" VALUES ('hcrisfordm',13,1);
INSERT INTO "Rating" VALUES ('mblackshawo',18,5);
INSERT INTO "Rating" VALUES ('wvargap',21,2);
INSERT INTO "Rating" VALUES ('ljoneyq',26,4);
INSERT INTO "Rating" VALUES ('aboughtflowerr',35,5);
INSERT INTO "Rating" VALUES ('tcamlins',35,2);
INSERT INTO "Rating" VALUES ('pkendalt',36,3);
INSERT INTO "Rating" VALUES ('sallisonu',40,3);
INSERT INTO "Rating" VALUES ('morrinv',46,2);
INSERT INTO "Rating" VALUES ('tminshallw',48,2);
INSERT INTO "Rating" VALUES ('tminshallw',51,2);
INSERT INTO "Rating" VALUES ('tminshallw',54,4);
INSERT INTO "Rating" VALUES ('tminshallw',55,2);
INSERT INTO "Rating" VALUES ('tminshallw',60,1);
INSERT INTO "Rating" VALUES ('rheinemann11',62,5);
INSERT INTO "Rating" VALUES ('egarnall12',66,2);
INSERT INTO "Rating" VALUES ('tgear13',67,1);
INSERT INTO "Rating" VALUES ('cthurber14',70,5);
INSERT INTO "Rating" VALUES ('bsyratt1q',76,1);
INSERT INTO "Rating" VALUES ('kfrye1r',84,1);
INSERT INTO "Rating" VALUES ('farney1s',87,1);
INSERT INTO "Rating" VALUES ('dframmingham1t',88,3);
INSERT INTO "Rating" VALUES ('mgeraldini1u',88,1);
INSERT INTO "Rating" VALUES ('ebellini1v',94,3);
INSERT INTO "Rating" VALUES ('mmariotte1w',97,4);
INSERT INTO "Rating" VALUES ('nheyns1x',105,1);
INSERT INTO "Rating" VALUES ('pbrawson1y',108,4);
INSERT INTO "Rating" VALUES ('fimloch1z',110,4);
INSERT INTO "Rating" VALUES ('bcassely20',111,1);
INSERT INTO "Rating" VALUES ('rbilton21',112,4);
INSERT INTO "Rating" VALUES ('cdunridge22',115,3);
INSERT INTO "Rating" VALUES ('lsuggett23',116,2);
INSERT INTO "Rating" VALUES ('spude24',117,2);
INSERT INTO "Rating" VALUES ('dbartol25',118,3);
INSERT INTO "Rating" VALUES ('sackerley26',128,2);
INSERT INTO "Rating" VALUES ('jsainsburybrown27',128,3);
INSERT INTO "Rating" VALUES ('echesley28',131,3);
INSERT INTO "Rating" VALUES ('rfewtrell29',132,2);
INSERT INTO "Rating" VALUES ('afellows2a',134,4);
INSERT INTO "Rating" VALUES ('cnovic2b',139,3);
INSERT INTO "Rating" VALUES ('bsacaze2c',139,4);
INSERT INTO "Rating" VALUES ('bsacaze2c',140,3);
INSERT INTO "Rating" VALUES ('bsacaze2c',142,3);
INSERT INTO "Rating" VALUES ('bsacaze2c',142,2);
INSERT INTO "Rating" VALUES ('bsacaze2c',147,5);
INSERT INTO "Rating" VALUES ('bsacaze2c',148,1);
INSERT INTO "Rating" VALUES ('bsacaze2c',153,5);
INSERT INTO "Rating" VALUES ('bsacaze2c',154,3);
INSERT INTO "Rating" VALUES ('cgrebbin2k',161,4);
INSERT INTO "Rating" VALUES ('lfrankish2l',163,3);
INSERT INTO "Rating" VALUES ('tpikett2m',165,3);
INSERT INTO "Rating" VALUES ('kbavage2n',165,5);
INSERT INTO "Rating" VALUES ('jmillery2o',168,5);
INSERT INTO "Rating" VALUES ('rgenever2p',168,2);
INSERT INTO "Rating" VALUES ('aclash2q',170,3);
INSERT INTO "Rating" VALUES ('ciamittii2r',170,2);
INSERT INTO "Rating" VALUES ('nflanne2s',177,2);
INSERT INTO "Rating" VALUES ('jstack2t',192,2);
INSERT INTO "Rating" VALUES ('cferroni2u',202,4);
INSERT INTO "Rating" VALUES ('fclethro2v',212,2);
INSERT INTO "Rating" VALUES ('thumbert2w',212,5);
INSERT INTO "Rating" VALUES ('twisham2x',216,4);
INSERT INTO "Rating" VALUES ('ematthisson2y',217,4);
INSERT INTO "Rating" VALUES ('eedgin2z',217,4);
INSERT INTO "Rating" VALUES ('acasserley30',218,1);
INSERT INTO "Rating" VALUES ('doshiel31',221,2);
INSERT INTO "Rating" VALUES ('adillingham32',228,4);
INSERT INTO "Rating" VALUES ('dsnalom33',232,1);
INSERT INTO "Rating" VALUES ('dgisbey34',232,4);
INSERT INTO "Rating" VALUES ('lkindle35',232,2);
INSERT INTO "Rating" VALUES ('ecardoso36',234,1);
INSERT INTO "Rating" VALUES ('edumberrill37',236,5);
INSERT INTO "Rating" VALUES ('spennycord38',241,2);
INSERT INTO "Rating" VALUES ('sgoing39',241,5);
INSERT INTO "Rating" VALUES ('akimble3a',246,4);
INSERT INTO "Rating" VALUES ('otegler3b',247,1);
INSERT INTO "Rating" VALUES ('wcockaday3c',248,3);
INSERT INTO "Rating" VALUES ('gbretherton3d',248,1);
INSERT INTO "Rating" VALUES ('gbrace3e',259,3);
INSERT INTO "Rating" VALUES ('elandis3f',260,3);
INSERT INTO "Rating" VALUES ('elandis3f',263,3);
INSERT INTO "Rating" VALUES ('elandis3f',265,4);
INSERT INTO "Rating" VALUES ('elandis3f',270,4);
INSERT INTO "Rating" VALUES ('elandis3f',273,2);
INSERT INTO "Rating" VALUES ('elandis3f',276,1);
INSERT INTO "Rating" VALUES ('elandis3f',279,3);
INSERT INTO "Rating" VALUES ('elandis3f',282,3);
INSERT INTO "Rating" VALUES ('elandis3f',282,2);
INSERT INTO "Rating" VALUES ('elandis3f',294,3);
INSERT INTO "Rating" VALUES ('elandis3f',295,1);
INSERT INTO "Rating" VALUES ('elandis3f',301,5);
INSERT INTO "Rating" VALUES ('fbarnewall3r',307,1);
INSERT INTO "Rating" VALUES ('rmatteo3s',312,3);
INSERT INTO "Rating" VALUES ('nhorche3t',315,3);
INSERT INTO "Rating" VALUES ('vhullbrook3u',317,2);
INSERT INTO "Rating" VALUES ('dsumpton3v',319,1);
INSERT INTO "Rating" VALUES ('kphillcock3w',328,5);
INSERT INTO "Rating" VALUES ('jwake3x',331,3);
INSERT INTO "Rating" VALUES ('dpiletic3y',336,2);
INSERT INTO "Rating" VALUES ('eneylan3z',341,4);
INSERT INTO "Rating" VALUES ('oinde40',344,1);
INSERT INTO "Rating" VALUES ('bbrewin41',344,2);
INSERT INTO "Rating" VALUES ('lweild42',346,4);
INSERT INTO "Rating" VALUES ('megalton43',347,4);
INSERT INTO "Rating" VALUES ('noconcannon44',349,4);
INSERT INTO "Rating" VALUES ('cdickie45',349,4);
INSERT INTO "Rating" VALUES ('mchilton46',351,1);
INSERT INTO "Rating" VALUES ('bfabry47',352,2);
INSERT INTO "Rating" VALUES ('golligan48',353,1);
INSERT INTO "Rating" VALUES ('mwetwood49',358,2);
INSERT INTO "Rating" VALUES ('hmurden4a',359,3);
INSERT INTO "Rating" VALUES ('llovewell4b',364,5);
INSERT INTO "Rating" VALUES ('cstoppard4c',374,2);
INSERT INTO "Rating" VALUES ('pivermee4d',375,5);
INSERT INTO "Rating" VALUES ('mpetroulis4e',389,4);
INSERT INTO "Rating" VALUES ('aellaway4f',390,3);
INSERT INTO "Rating" VALUES ('cglason4g',390,3);
INSERT INTO "Rating" VALUES ('melijah4h',392,1);
INSERT INTO "Rating" VALUES ('chug4i',393,5);
INSERT INTO "Rating" VALUES ('fbarter4j',394,4);
INSERT INTO "Rating" VALUES ('skorejs4k',396,1);
INSERT INTO "Rating" VALUES ('ljacombs4l',399,5);
INSERT INTO "Rating" VALUES ('lwaliszewski4m',400,3);
INSERT INTO "Rating" VALUES ('jcanet4n',403,2);
INSERT INTO "Rating" VALUES ('blaverock4o',404,1);
INSERT INTO "Rating" VALUES ('dpoyle4p',405,1);
INSERT INTO "Rating" VALUES ('nmathissen4q',409,4);
INSERT INTO "Rating" VALUES ('divashintsov4r',414,3);
INSERT INTO "Rating" VALUES ('wfacer4s',431,2);
INSERT INTO "Rating" VALUES ('acobbin4t',435,5);
INSERT INTO "Rating" VALUES ('wrowbottam4u',436,4);
INSERT INTO "Rating" VALUES ('adeverille4v',438,5);
INSERT INTO "Rating" VALUES ('ldoulton4w',448,3);
INSERT INTO "Rating" VALUES ('lsinnett4x',451,3);
INSERT INTO "Rating" VALUES ('lblaskett4y',456,4);
INSERT INTO "Rating" VALUES ('amccollum4z',459,3);
INSERT INTO "Rating" VALUES ('awillisch50',463,3);
INSERT INTO "Rating" VALUES ('maiskrigg51',467,3);
INSERT INTO "Rating" VALUES ('rswalough52',468,1);
INSERT INTO "Rating" VALUES ('lkohter53',471,4);
INSERT INTO "Rating" VALUES ('ireside54',476,4);
INSERT INTO "Rating" VALUES ('gfaro55',479,4);
INSERT INTO "Rating" VALUES ('cplaskett56',487,2);
INSERT INTO "Rating" VALUES ('rminton57',490,1);
INSERT INTO "Rating" VALUES ('ppalphreyman58',492,5);
COMMIT;
